-- MySQL dump 10.13  Distrib 8.0.20, for Win64 (x86_64)
--
-- Host: localhost    Database: rating_website
-- ------------------------------------------------------
-- Server version	8.0.20

/*!40101 SET @OLD_CHARACTER_SET_CLIENT=@@CHARACTER_SET_CLIENT */;
/*!40101 SET @OLD_CHARACTER_SET_RESULTS=@@CHARACTER_SET_RESULTS */;
/*!40101 SET @OLD_COLLATION_CONNECTION=@@COLLATION_CONNECTION */;
/*!50503 SET NAMES utf8 */;
/*!40103 SET @OLD_TIME_ZONE=@@TIME_ZONE */;
/*!40103 SET TIME_ZONE='+00:00' */;
/*!40014 SET @OLD_UNIQUE_CHECKS=@@UNIQUE_CHECKS, UNIQUE_CHECKS=0 */;
/*!40014 SET @OLD_FOREIGN_KEY_CHECKS=@@FOREIGN_KEY_CHECKS, FOREIGN_KEY_CHECKS=0 */;
/*!40101 SET @OLD_SQL_MODE=@@SQL_MODE, SQL_MODE='NO_AUTO_VALUE_ON_ZERO' */;
/*!40111 SET @OLD_SQL_NOTES=@@SQL_NOTES, SQL_NOTES=0 */;

--
-- Table structure for table `actor`
--

DROP TABLE IF EXISTS `actor`;
/*!40101 SET @saved_cs_client     = @@character_set_client */;
/*!50503 SET character_set_client = utf8mb4 */;
CREATE TABLE `actor` (
  `actor_id` int NOT NULL AUTO_INCREMENT,
  `actor_name` varchar(16) DEFAULT NULL,
  PRIMARY KEY (`actor_id`),
  UNIQUE KEY `name` (`actor_name`)
) ENGINE=InnoDB AUTO_INCREMENT=85 DEFAULT CHARSET=utf8mb4 COLLATE=utf8mb4_0900_ai_ci;
/*!40101 SET character_set_client = @saved_cs_client */;

--
-- Dumping data for table `actor`
--

LOCK TABLES `actor` WRITE;
/*!40000 ALTER TABLE `actor` DISABLE KEYS */;
INSERT INTO `actor` VALUES (55,'Alfre Woodard'),(53,'Annabelle Wallis'),(72,'Armie Hammer'),(14,'Benjamin Sleep'),(12,'Blue Sky'),(71,'Chris Cooper'),(18,'Cola Bear'),(70,'Cristela Alonzo '),(81,'Donnie Yen '),(2,'Empty 2'),(3,'Empty 3'),(4,'Empty 4'),(56,'Eric Ladin'),(77,'Gong Yoo   '),(11,'Green Wine'),(1,'Handsome Wong'),(16,'Jack Two'),(17,'Joy Fun'),(79,'Jung Yu-mi'),(76,'Kathy Bates'),(80,'Kim Su-an'),(78,'Ma Dong-seok'),(15,'Meteor Swarm'),(21,'No Bear'),(69,'Owen Wilson'),(19,'Pepsi Bear'),(75,'Quinton Aaron'),(9,'Red Wine'),(73,'Sandra Bullock  '),(84,'Scott Adkins'),(7,'Snow White'),(5,'Sun Flower'),(20,'Teddy Bear'),(74,'Tim McGraw '),(83,'Vanness Wu'),(54,'Ward Horton'),(8,'Water Lily'),(10,'White Wine'),(82,'Wu Yue'),(13,'Yellow Cheese'),(27,'上白石萌音'),(68,'倪慕斯'),(34,'入野自由'),(37,'前田刚'),(47,'坂本千夏'),(51,'夏木真理'),(24,'小栗旬'),(40,'小野贤章'),(33,'尾上绫华'),(49,'岛本须美'),(58,'崔始源'),(29,'市原悦子'),(36,'平野文'),(57,'彭于晏'),(39,'悠木碧'),(44,'日笠阳子'),(46,'日高法子'),(38,'早见沙织'),(25,'本田翼'),(67,'李川'),(65,'李海娜'),(42,'松冈祯丞'),(50,'柊瑠美'),(23,'森七菜'),(60,'欧阳娜娜'),(30,'水桥研二'),(63,'沈腾'),(59,'王珞丹'),(45,'田村由加莉'),(64,'田雨'),(26,'神木隆之介'),(48,'糸井重里'),(61,'艾伦'),(32,'花村怜美'),(35,'花泽香菜'),(43,'茅野爱衣'),(52,'菅原文太'),(31,'近藤好美'),(22,'醍醐虎汰朗'),(28,'长泽雅美'),(66,'陈立谦'),(62,'马丽');
/*!40000 ALTER TABLE `actor` ENABLE KEYS */;
UNLOCK TABLES;

--
-- Table structure for table `director`
--

DROP TABLE IF EXISTS `director`;
/*!40101 SET @saved_cs_client     = @@character_set_client */;
/*!50503 SET character_set_client = utf8mb4 */;
CREATE TABLE `director` (
  `director_id` int NOT NULL AUTO_INCREMENT,
  `director_name` varchar(16) NOT NULL,
  PRIMARY KEY (`director_id`),
  UNIQUE KEY `name` (`director_name`)
) ENGINE=InnoDB AUTO_INCREMENT=29 DEFAULT CHARSET=utf8mb4 COLLATE=utf8mb4_0900_ai_ci;
/*!40101 SET character_set_client = @saved_cs_client */;

--
-- Dumping data for table `director`
--

LOCK TABLES `director` WRITE;
/*!40000 ALTER TABLE `director` DISABLE KEYS */;
INSERT INTO `director` VALUES (11,'Black Glass'),(13,'Blue Man'),(25,'Brian Fee'),(14,'Dark Magic'),(3,'Green Tea'),(4,'Jerry Mouse'),(26,'John Lee Hancock'),(21,'John R. Leonetti'),(5,'Lazy Cat'),(16,'Lion King'),(1,'Smart Zoe'),(15,'White Rose'),(28,'Wilson Yip'),(27,'Yeon Sang-ho'),(23,'宋阳,张吃鱼(迟昱)'),(20,'宫崎骏'),(18,'山田尚子'),(17,'新海诚'),(24,'李勇昌'),(22,'林超贤'),(19,'石塚敦子');
/*!40000 ALTER TABLE `director` ENABLE KEYS */;
UNLOCK TABLES;

--
-- Table structure for table `genre`
--

DROP TABLE IF EXISTS `genre`;
/*!40101 SET @saved_cs_client     = @@character_set_client */;
/*!50503 SET character_set_client = utf8mb4 */;
CREATE TABLE `genre` (
  `genre_id` int NOT NULL AUTO_INCREMENT,
  `genre_name` varchar(50) DEFAULT NULL,
  PRIMARY KEY (`genre_id`)
) ENGINE=InnoDB AUTO_INCREMENT=11 DEFAULT CHARSET=utf8mb4 COLLATE=utf8mb4_0900_ai_ci;
/*!40101 SET character_set_client = @saved_cs_client */;

--
-- Dumping data for table `genre`
--

LOCK TABLES `genre` WRITE;
/*!40000 ALTER TABLE `genre` DISABLE KEYS */;
INSERT INTO `genre` VALUES (1,'Action'),(2,'Adventure'),(3,'Animation'),(4,'Comedy'),(5,'Crime'),(6,'Horror'),(7,'Romance'),(8,'Sport'),(9,'Thriller'),(10,'Drama');
/*!40000 ALTER TABLE `genre` ENABLE KEYS */;
UNLOCK TABLES;

--
-- Table structure for table `movie`
--

DROP TABLE IF EXISTS `movie`;
/*!40101 SET @saved_cs_client     = @@character_set_client */;
/*!50503 SET character_set_client = utf8mb4 */;
CREATE TABLE `movie` (
  `movie_id` int NOT NULL AUTO_INCREMENT,
  `movie_name` varchar(200) DEFAULT NULL,
  `year` int DEFAULT NULL,
  `language` int DEFAULT NULL,
  `country` varchar(45) DEFAULT NULL,
  `runtime` int DEFAULT NULL,
  `release_date` varchar(50) DEFAULT NULL,
  `storyline` text,
  `img` text,
  `img_carousel` text,
  `last_modified` datetime DEFAULT CURRENT_TIMESTAMP ON UPDATE CURRENT_TIMESTAMP,
  PRIMARY KEY (`movie_id`)
) ENGINE=InnoDB AUTO_INCREMENT=64 DEFAULT CHARSET=utf8mb4 COLLATE=utf8mb4_0900_ai_ci;
/*!40101 SET character_set_client = @saved_cs_client */;

--
-- Dumping data for table `movie`
--

LOCK TABLES `movie` WRITE;
/*!40000 ALTER TABLE `movie` DISABLE KEYS */;
INSERT INTO `movie` VALUES (2,'The Shawshank Redemption',1994,2,'USA',142,'14 October 1994 (USA)','Chronicles the experiences of a formerly successful banker as a prisoner in the gloomy jailhouse of Shawshank after being found guilty of a crime he did not commit. The film portrays the man\'s unique way of dealing with his new, torturous life; along the way he befriends a number of fellow prisoners, most notably a wise long-term inmate named Red.','https://m.media-amazon.com/images/M/MV5BMDFkYTc0MGEtZmNhMC00ZDIzLWFmNTEtODM1ZmRlYWMwMWFmXkEyXkFqcGdeQXVyMTMxODk2OTU@._V1_UX182_CR0,0,182,268_AL_.jpg','https://m.media-amazon.com/images/M/MV5BMTM0NjUxMDk5MF5BMl5BanBnXkFtZTcwNDMxNDY3Mw@@._V1_SY1000_SX1500_AL_.jpg','2020-06-18 22:55:21'),(6,'Inception',2010,2,'USA',148,'16 July 2010 (USA)','Dom Cobb is a skilled thief, the absolute best in the dangerous art of extraction, stealing valuable secrets from deep within the subconscious during the dream state, when the mind is at its most vulnerable. Cobb\'s rare ability has made him a coveted player in this treacherous new world of corporate espionage, but it has also made him an international fugitive and cost him everything he has ever loved. Now Cobb is being offered a chance at redemption. One last job could give him his life back but only if he can accomplish the impossible, inception. Instead of the perfect heist, Cobb and his team of specialists have to pull off the reverse: their task is not to steal an idea, but to plant one. If they succeed, it could be the perfect crime. But no amount of careful planning or expertise can prepare the team for the dangerous enemy that seems to predict their every move. An enemy that only Cobb could have seen coming.','https://m.media-amazon.com/images/M/MV5BMjAxMzY3NjcxNF5BMl5BanBnXkFtZTcwNTI5OTM0Mw@@._V1_UX182_CR0,0,182,268_AL_.jpg','https://www.hollywoodinsider.com/wp-content/uploads/2020/01/Hollywood-Insider-Feature-Inception-Greatest-Movie-Of-The-Decade-Leonardo-Dicaprio-Tom-Hardy-Marion-Cotillard-Joseph-Gordon-Levitt-Michael-Caine-Christopher-Nolan-Ken-Wantanabe-Ellen-Paige-1280x720.jpg','2020-06-16 19:25:20'),(9,'Memento',2000,2,'USA',113,'25 May 2001 (USA)','Memento chronicles two separate stories of Leonard, an ex-insurance investigator who can no longer build new memories, as he attempts to find the murderer of his wife, which is the last thing he remembers. One story line moves forward in time while the other tells the story backwards revealing more each time.','https://m.media-amazon.com/images/M/MV5BZTcyNjk1MjgtOWI3Mi00YzQwLWI5MTktMzY4ZmI2NDAyNzYzXkEyXkFqcGdeQXVyNjU0OTQ0OTY@._V1_UY268_CR0,0,182,268_AL_.jpg','https://www.kanopy.com/sites/default/files/imagecache/vp_thumbnail_extremly_large/video-assets/2485021_landscape.jpg','2020-06-18 22:57:19'),(10,'Joker',2019,2,'USA',122,'4 October 2019 (USA)','Arthur Fleck works as a clown and is an aspiring stand-up comic. He has mental health issues, part of which involves uncontrollable laughter. Times are tough and, due to his issues and occupation, Arthur has an even worse time than most. Over time these issues bear down on him, shaping his actions, making him ultimately take on the persona he is more known as...Joker.','https://m.media-amazon.com/images/M/MV5BNGVjNWI4ZGUtNzE0MS00YTJmLWE0ZDctN2ZiYTk2YmI3NTYyXkEyXkFqcGdeQXVyMTkxNjUyNQ@@._V1_UX182_CR0,0,182,268_AL_.jpg','https://i2.wp.com/whatsonsidsmind.com/wp-content/uploads/2019/12/poster.jpg?fit=750%2C422&ssl=1','2020-06-18 23:02:56'),(14,'3 Idiots',2009,4,'India',170,'24 December 2009 (Malaysia)','Farhan Qureshi and Raju Rastogi want to re-unite with their fellow collegian, Rancho, after faking a stroke aboard an Air India plane, and excusing himself from his wife - trouser less - respectively. Enroute, they encounter another student, Chatur Ramalingam, now a successful businessman, who reminds them of a bet they had undertaken 10 years ago. The trio, while recollecting hilarious antics, including their run-ins with the Dean of Delhi\'s Imperial College of Engineering, Viru Sahastrabudhe, race to locate Rancho, at his last known address - little knowing the secret that was kept from them all this time.','https://m.media-amazon.com/images/M/MV5BNTkyOGVjMGEtNmQzZi00NzFlLTlhOWQtODYyMDc2ZGJmYzFhXkEyXkFqcGdeQXVyNjU0OTQ0OTY@._V1_UY268_CR2,0,182,268_AL_.jpg','https://images.cinemaexpress.com/uploads/user/imagelibrary/2020/5/1/original/3_Idiots.PNG','2020-06-16 19:25:20'),(15,'Toy Story 3',2010,2,'USA',103,'18 June 2010 (USA)','Woody, Buzz and the whole gang are back. As their owner Andy prepares to depart for college, his loyal toys find themselves in daycare where untamed tots with their sticky little fingers do not play nice. So, it\'s all for one and one for all as they join Barbie\'s counterpart Ken, a thespian hedgehog named Mr. Pricklepants and a pink, strawberry-scented teddy bear called Lots-o\'-Huggin\' Bear to plan their great escape.','https://m.media-amazon.com/images/M/MV5BMTgxOTY4Mjc0MF5BMl5BanBnXkFtZTcwNTA4MDQyMw@@._V1_UY268_CR3,0,182,268_AL_.jpg','https://i.ytimg.com/vi/4NSfIi57ado/maxresdefault.jpg','2020-06-16 19:25:20'),(16,'Up',2009,2,'USA',96,'29 May 2009 (USA)','As a boy, Carl Fredricksen wanted to explore South America and find the forbidden Paradise Falls. About 64 years later he gets to begin his journey along with Boy Scout Russell by lifting his house with thousands of balloons. On their journey, they make many new friends including a talking dog, and figure out that someone has evil plans. Carl soon realizes that this evildoer is his childhood idol.','https://m.media-amazon.com/images/M/MV5BMTk3NDE2NzI4NF5BMl5BanBnXkFtZTgwNzE1MzEyMTE@._V1_SY1000_CR0,0,664,1000_AL_.jpg','https://static.rogerebert.com/uploads/review/primary_image/reviews/up-2009/Up-2009.jpg','2020-06-16 19:25:20'),(19,'No Time to Die',2020,2,'USA',163,'20 November 2020 (USA)','Bond has left active service and is enjoying a tranquil life in Jamaica. His peace is short-lived when his old friend Felix Leiter from the CIA turns up asking for help. The mission to rescue a kidnapped scientist turns out to be far more treacherous than expected, leading Bond onto the trail of a mysterious villain armed with dangerous new technology.','https://m.media-amazon.com/images/M/MV5BNGEwMDU2ZDQtZmE5Zi00YjFiLWIwYWItOGMyMzY5MzljOWU3XkEyXkFqcGdeQXVyODk2NDQ3MTA@._V1_SY1000_CR0,0,685,1000_AL_.jpg','https://i.dailymail.co.uk/1s/2020/02/21/21/25038192-0-image-a-7_1582319850963.jpg','2020-06-16 19:25:20'),(20,'The Wrong Missy',2020,2,'USA',90,'13 May 2020 (USA)','Tim thinks he\'s invited the woman of his dreams on a work retreat to Hawaii, realizing too late he mistakenly texted someone from a nightmare blind date.','https://m.media-amazon.com/images/M/MV5BY2QwZWJlZjMtNzU5NC00NTA0LWI1MjQtYWQ1ZTg4NWZmNjdkXkEyXkFqcGdeQXVyMTEyMjM2NDc2._V1_SY1000_CR0,0,675,1000_AL_.jpg','https://1.bp.blogspot.com/-QLhTGNtNB9U/XqOTRgwsA1I/AAAAAAAAQ2o/H-Q01xediJoR2KW4J7qn9zCVBhr4ve4sQCLcBGAsYHQ/s1600/The-Wrong-Missy-%25282020%2529-DVD-Cover-low.jpg','2020-06-16 19:25:20'),(21,'The Invisible Guest',2016,4,'Spain',106,'6 January 2017 (Spain)','Adrián Doria, a wealthy businessman named Man of the Year due to his high-tech company and his trade agreements with the Asian market, meets Virginia Goodman, a veteran lawyer expert in witness preparation and judicial declaration, recommended by Adrián\'s lawyer Felix Leiva in order to create a credible defense. Arrested by the police in a mountain hotel room with the corpse of his lover at his side, photographer Laura Vidal, Adrián talks Virginia about the crime and his relationship with Laura, revealing that both suffered a car crash where a man called Daniel Garrido died, and how Laura manipulated Adrián to avoid the jail by Daniel\'s death. At the same time that Félix is looking for a clue that it could change the course of the events, Virginia and Adrián keep talking about the case but her, unconvinced of the Adrián\'s testimony, forces him to clear the dark points of his history, in a puzzle where the truth and the lie are easily exchangeable.','https://m.media-amazon.com/images/M/MV5BMDk0YzAwYjktMWFiZi00Y2FmLWJmMmMtMzUyZDZmMmU5MjkzXkEyXkFqcGdeQXVyMTMxODk2OTU@._V1_SY1000_SX700_AL_.jpg','https://3.bp.blogspot.com/-yBLKUnzFWtE/XIKI4OysJII/AAAAAAAAsu4/CbZr33lSJjoTTC0N0E6uM9HTdbD6DijEgCLcBGAs/s1600/Invisible-Guest-Explained.jpg','2020-06-17 20:53:59'),(22,'The Platform',2019,4,'Spain',94,'20 March 2020 (USA)','A mysterious place, an indescribable prison, a deep hole. An unknown number of levels. Two inmates living on each level. A descending platform containing food for all of them. An inhuman fight for survival, but also an opportunity for solidarity.','https://m.media-amazon.com/images/M/MV5BOTMyYTIyM2MtNjQ2ZC00MWFkLThhYjQtMjhjMGZiMjgwYjM2XkEyXkFqcGdeQXVyMTkxNjUyNQ@@._V1_SY1000_SX675_AL_.jpg','https://s3-ap-northeast-1.amazonaws.com/peatix-files/pod/7238897/cover-The_Platform_El_hoyo_s.jpg','2020-06-18 22:02:01'),(37,'Andhadhun',2018,4,'India',139,'5 October 2018 (USA)','Akash a blind pianist is preparing for a London concert.Sophie\'s scooter bumps into Akash and upon finding he a pianist she takes him to her restaurant Franco\'s run by her father and offers him a job.Akash meets 70s actor Pramod Sinha at the restaurant who asks him to do a private concert of his songs at his residence to surprise his wife Simi. Next Day upon reaching his house a shocking surprise is waiting for Akash.','https://m.media-amazon.com/images/M/MV5BZWZhMjhhZmYtOTIzOC00MGYzLWI1OGYtM2ZkN2IxNTI4ZWI3XkEyXkFqcGdeQXVyNDAzNDk0MTQ@._V1_SX692_CR0,0,692,999_AL_.jpg','https://static-koimoi.akamaized.net/wp-content/new-galleries/2018/10/andhadhun-movie-review-1.jpg','2020-06-18 22:15:00'),(38,'Slumdog Millionaire',2008,4,'India',120,'25 December 2008 (USA)','The story of Jamal Malik, an 18 year-old orphan from the slums of Mumbai, who is about to experience the biggest day of his life. With the whole nation watching, he is just one question away from winning a staggering 20 million rupees on India\'s Kaun Banega Crorepati? (2000) (Who Wants To Be A Millionaire?) But when the show breaks for the night, police arrest him on suspicion of cheating; how could a street kid know so much? Desperate to prove his innocence, Jamal tells the story of his life in the slum where he and his brother grew up, of their adventures together on the road, of vicious encounters with local gangs, and of Latika, the girl he loved and lost. Each chapter of his story reveals the key to the answer to one of the game show\'s questions. Each chapter of Jamal\'s increasingly layered story reveals where he learned the answers to the show\'s seemingly impossible quizzes. But one question remains a mystery: what is this young man with no apparent desire for riches really ...','https://www.stefanciupek.com/wp-content/uploads/2015/02/slumdog_low.jpg','https://www.wallpaperup.com/uploads/wallpapers/2013/12/21/201690/a1737f0439acfcee4b4395e1bad77e80-700.jpg','2020-06-18 17:23:49'),(41,'Avatar',2009,2,'USA',162,'18 December 2009 (USA)','When his brother is killed in a robbery, paraplegic Marine Jake Sully decides to take his place in a mission on the distant world of Pandora. There he learns of greedy corporate figurehead Parker Selfridge\'s intentions of driving off the native humanoid \"Na\'vi\" in order to mine for the precious material scattered throughout their rich woodland. In exchange for the spinal surgery that will fix his legs, Jake gathers knowledge, of the Indigenous Race and their Culture, for the cooperating military unit spearheaded by gung-ho Colonel Quaritch, while simultaneously attempting to infiltrate the Na\'vi people with the use of an \"avatar\" identity. While Jake begins to bond with the native tribe and quickly falls in love with the beautiful alien Neytiri, the restless Colonel moves forward with his ruthless extermination tactics, forcing the soldier to take a stand - and fight back in an epic battle for the fate of Pandora.','https://m.media-amazon.com/images/M/MV5BMTYwOTEwNjAzMl5BMl5BanBnXkFtZTcwODc5MTUwMw@@._V1_.jpg','https://image.slidesharecdn.com/presentation-avatarfilmposteranalysis-150303060114-conversion-gate01/95/avatar-film-poster-analysis-1-638.jpg?cb=1425363082','2020-06-18 22:55:01'),(45,'天气之子 天気の子',2019,3,'日本',111,'2019-11-01(中国大陆) / 2019-07-19(日本)','高一那年夏天，帆高（醍醐虎汰朗配音）离开位在离岛的家乡，独自一人来到东京，拮据的生活迫使他不得不找份工作，最后来到一间专门出版奇怪超自然刊物的出版社担任写手。不久，东京开始下起连日大雨，仿佛暗示着帆高不顺遂的未来，在这座繁忙城市里到处取材的帆高邂逅了与弟弟相依为命，不可思议的美少女阳菜（森七菜配音）。「等等就会放晴了喔。」阳菜这样告诉着帆高，不久，头顶的乌云逐渐散去，耀眼的阳光洒落街道……原来，阳菜拥有「改变天气」的奇妙能力……','https://n.sinaimg.cn/ent/transform/566/w566h800/20190724/7bf4-iafwsqp5437986.jpg','https://img5.mtime.cn/CMS/Gallery/2019/03/30/095223.31987215_1000.jpg','2020-07-09 17:58:35'),(46,'你的名字。 君の名は。',2016,3,'日本',106,'2016-12-02(中国大陆) / 2016-08-26(日本)','在远离大都会的小山村，住着巫女世家出身的高中女孩宫水三叶（上白石萌音 配音）。校园和家庭的原因本就让她充满烦恼，而近一段时间发生的奇怪事件，又让三叶摸不清头脑。不知从何时起，三叶在梦中就会变成一个住在东京的高中男孩。那里有陌生的同学和朋友，有亲切的前辈和繁华的街道，一切都是如此诱人而真实。另一方面，住在东京的高中男孩立花泷（神木隆之介 配音）则总在梦里来到陌生的小山村，以女孩子的身份过着全新的生活。许是受那颗神秘彗星的影响，立花和三叶在梦中交换了身份。他们以他者的角度体验着对方的人生，这期间有愤怒、有欢笑也有暖心。只是两人并不知道，身份交换的背后隐藏着重大而锥心的秘密……','https://img.mp.itc.cn/upload/20161201/d69162aaffe848e185ece81125c1aa77_th.jpeg','https://assets.puzzlefactory.pl/puzzle/203/750/original.jpg','2020-07-09 18:09:35'),(47,'秒速5厘米 秒速5センチメートル',2007,3,'日本',63,'2007-03-03(日本)','如果，樱花掉落的速度是每秒5厘米，那么两颗心需要多久才能靠近？\r\n　　少年时，贵树（水橋研二配）和明理（近藤好美配）是形影不离的好朋友，可很快，一道巨大的鸿沟便横亘在两人中间：明理转学，贵树也随着父母工作的调动搬到遥远的鹿儿岛。在搬家前，贵树乘坐新干线千里迢迢和明理相会，在漫长的等待后，茫茫大雪中，两人在枯萎的樱花树下深情相拥，并献出彼此的first kiss，约定着下一次再一起来看樱花。\r\n　　时光荏苒，两人竟再没见过，虽然在人海中一直搜寻彼此的身影，但似乎总是徒然。再后来，他们分别有了各自的生活，只是还偶尔会梦到13岁时的这段青涩而美好的感情，才明白当年怎么也说不出口的那个字就是爱。','https://encrypted-tbn0.gstatic.com/images?q=tbn%3AANd9GcRXn5e7EX5ZSzb3COW8S7-S-BUkqGe1uJl-GQ&usqp=CAU','https://anim.xdty.org/wp-content/uploads/2013/02/shinkai.jpg','2020-07-15 19:37:28'),(48,'言叶之庭 言の葉の庭',2013,3,'日本',46,'2013-05-31(日本)','年方15岁的高中生秋月孝雄（入野自由 配音），专心学业的过程中不得不为了生计打工赚钱。母亲离家出走，他与哥哥过着看不到前方的生活。入梅之日，孝雄逃课来到日本庭园。在一座安静的小亭子里，27岁的职场女性雪野百香里（花泽香菜 配音）边吃巧克力边饮啤酒的样子引起了孝雄的注意。似曾相识的二人，仿佛约定好了一般，每到落雨之日便从世俗的烦恼中逃脱出来，相会于这座钢筋铁骨都市丛林中宛若世外桃源的幽静角落。在梅雨季节的日子里，他们的心渐渐向彼此靠拢。志愿成为手工鞋匠的秋月，决心以雪野为模特做一双鞋。\r\n　　雨过天晴，艳阳高照，庭园中久久不见秋月和雪野的身影，相会无期亦有期……','https://img-mpp.pmsy.net/uploads/allimg/201612/5b4160ec1ca22e60.jpg','https://3.bp.blogspot.com/-ffikCFhzKNs/VdJRwEA5c9I/AAAAAAAACAs/qm8H8XMr2Nc/s1600/20827.jpg','2020-07-09 18:52:27'),(49,'No Game, No Life the Movie: Zero',2017,3,'日本',107,'2019-07-19(中国大陆) / 2017-07-15(日本)','距今超过六千年的远古世界，天地割裂的凄惨战争持续不断，毫无还手之力的人类被拥有强大力量的各个种族逼入绝境，濒临灭亡。此时率领人类的年轻领袖里克，与机凯种少女休比偶然相遇。被同伴抛弃的休比，为了修复故障，拜托里克把“人类的心”告诉自己。机凯种少女的单纯与真诚，使得里克对休比逐渐放下戒备、敞开心扉，二人感情亦日渐升温。最终二人带领人类共同面对终极一战，少女休比也将面临恋人与生命的残酷抉择。末日来临，在251秒的时间里，赌上一场深情告白。','https://img1.oss.ifensi.com/2019/0716/20190716105727921.jpg','https://d10xkldqejj5hr.cloudfront.net/titles/NGL/NGL_MOVIE_KEY_1200X450.jpg','2020-07-09 18:24:59'),(50,'声之形 聲の形',2016,3,'日本',129,'2017-09-08(中国大陆) / 2016-09-17(日本)','西宫硝子（早见沙织 饰）生来患有听觉障碍，要依靠助听器和外界交流，口语发音也因此格外的古怪。小学时，硝子转入了一所新的学校，特殊的生理缺陷让她成为了班上引人注目的独特存在，她因此收获了坚实的友情，却也遭到了以男生石田将也（入野自由 配音）为首的小团体的孤立和排挤。随着时 间的推移，无心或有意的恶作剧渐渐升级，最终演变成为了无法挽回的伤害，硝子永远的消失在了众人的眼前。\r\n　　排挤硝子的事情曝光后，将也成为了下一个被欺负的对象，孤独痛苦的他终于理解了硝子的隐忍和温柔，只是他再也没有机会跟硝子道歉了。一次偶然中，将也同硝子重逢了，命运的齿轮重新开始了转动。','https://blogimg.goo.ne.jp/user_image/14/17/dca3d5b2229a9a314cd76ac2973382b1.jpg','https://nikkixlife.com/wp-content/uploads/2017/03/hq720.jpg','2020-07-10 16:06:44'),(51,'龙猫 となりのトトロ',1988,3,'日本',86,'2018-12-14(中国大陆) / 1988-04-16(日本)','小月的母亲生病住院了，父亲带着她与四岁的妹妹小梅到乡间的居住。她们对那里的环境都感到十分新奇，也发现了很多有趣的事情。她们遇到了很多小精灵，她们来到属于她们的环境中，看到了她们世界中很多的奇怪事物，更与一只大大胖胖的龙猫成为了朋友。龙猫与小精灵们利用他们的神奇力量，为小月与妹妹带来了很多神奇的景观，令她们大开眼界。\r\n　　妹妹小梅常常挂念生病中的母亲，嚷着要姐姐带着她去看母亲，但小月拒绝了。小梅竟然自己前往，不料途中迷路了，小月只好寻找她的龙猫及小精灵朋友们帮助。','https://puui.qpic.cn/vcover_vt_pic/0/qsmjp87yyoqm7fyt1444966910.jpg/0','https://wallpaperaccess.com/full/33505.jpg','2020-07-17 17:04:17'),(52,'千与千寻 千と千尋の神隠し',2001,3,'日本',125,'2019-06-21(中国大陆) / 2001-07-20(日本)','千寻和爸爸妈妈一同驱车前往新家，在郊外的小路上不慎进入了神秘的隧道——他们去到了另外一个诡异世界—一个中世纪的小镇。远处飘来食物的香味，爸爸妈妈大快朵颐，孰料之后变成了猪！这时小镇上渐渐来了许多样子古怪、半透明的人。\r\n　　千寻仓皇逃出，一个叫小白的人救了他，喂了她阻止身体消 失的药，并且告诉她怎样去找锅炉爷爷以及汤婆婆，而且必须获得一份工作才能不被魔法变成别的东西。\r\n　　千寻在小白的帮助下幸运地获得了一份在浴池打杂的工作。渐渐她不再被那些怪模怪样的人吓倒，并从小玲那儿知道了小白是凶恶的汤婆婆的弟子。\r\n　　一次，千寻发现小白被一群白色飞舞的纸人打伤，为了救受伤的小白，她用河神送给她的药丸驱出了小白身体内的封印以及守封印的小妖精，但小白还是没有醒过来。\r\n　　为了救小白，千寻又踏上了她的冒险之旅。','https://5b0988e595225.cdn.sohucs.com/images/20190621/872b14db58d742ce9d118464466a315f.jpeg','https://5b0988e595225.cdn.sohucs.com/images/20190626/7a6e665b36a542548f491d2fb5560c61.jpeg','2020-07-15 15:53:11'),(53,'Annabelle',2014,2,'USA',99,'October 3, 2014 (USA)','John and Mia are attacked by a couple, who are worshippers of Satan. However, before the cops kill them, the couple uses a doll as a conduit to make John and Mia\'s life miserable. ','https://upload.wikimedia.org/wikipedia/en/9/90/Annabelle_film_poster.jpg','https://gcaggiano.files.wordpress.com/2018/09/annabelle-creation-movie-poster.jpg','2020-07-15 15:54:46'),(54,'破风',2015,1,'香港 & 中国',125,'2015年8月6日','该片讲述了四个年轻人加入单车队顶级赛事，在残酷激烈的竞争中，每个人都需要面对来自友情与爱情、名利与牺牲、个人与团队等方面的抉择与考验的故事。','https://upload.wikimedia.org/wikipedia/zh/c/cf/To_The_Fore_concept_poster.jpg','https://image11.m1905.cn/uploadfile/2015/0819/20150819042758652798_watermark.jpg','2020-07-17 17:03:51'),(55,'羞羞的铁拳',2017,1,'中国',100,'2017年9月30日（中国大陆）','该片由2015年度的开心麻花贺岁话剧改编而来。原话剧讲述了一个搏击选手和一个体育记者，因为一场意外的电击灵魂互换的故事。','https://upload.wikimedia.org/wikipedia/zh/4/46/Never_Say_Die_Movie_Poster.jpeg','https://i.shangc.net/2017/0518/20170518022414568.jpg','2020-07-15 16:01:04'),(56,'怨灵2',2017,1,'中国 马来西亚 泰国',85,'2017年10月12日（中国、马来西亚）','影片讲述了讲述了来自中国的情侣白灵与卫军到马来西亚度假，阴差阳错住进了亚洲最著名的猛鬼酒店，并遭遇了一系列离奇诡异的恐怖事件的故事。','https://n.sinaimg.cn/ent/transform/20170919/CT0o-fykywuc7289351.jpg','https://k.sinaimg.cn/n/ent/transform/20171027/Bgzx-fynfvar4445545.jpg/w700h350z1l10t102f6.jpg','2020-07-15 16:02:06'),(57,'Cars 3',2017,2,'USA',102,'June 16, 2017 (United States)','Lightning McQueen and the other veteran racers of the Piston Cup racing series suddenly find themselves struggling to win against next-generation rookies like Jackson Storm, who utilize advanced technology and modern training methods. As Storm\'s breakout success attracts other rookies to the series, most of the veterans either retire or are fired to make way for the new generation. In the final race of the season, McQueen desperately attempts to overtake Storm but loses control and suffers a violent crash, leaving him badly injured.','data:image/jpeg;base64,/9j/4AAQSkZJRgABAQAAAQABAAD/2wCEAAkGBxMTEhUTExIWFhUXGBgVGBgYGBoaIBcYGBgXFxoZFx0YHSggGBolHRgWITEhJSkrLi4uFx8zODMtNygtLisBCgoKDg0OGxAQGi0lHyUtLS0tLS8tLS8tLS0tLS0tLy0tKy0tLS0tLS0tLS0tLS0tLS0tLS0tLS0tLS0tLSsvLf/AABEIARMAtwMBIgACEQEDEQH/xAAbAAACAgMBAAAAAAAAAAAAAAADBAIFAAEGB//EAEIQAAEDAgMFBQYEBQQBAwUAAAECAxEAIQQSMQVBUWFxEyKBkfAGMqGxwdEUQlLhI2JygvEzU5KiwgckQxVjc5Oy/8QAGwEAAgMBAQEAAAAAAAAAAAAAAgMAAQQFBgf/xAAxEQACAgEDAgQDBwUBAAAAAAAAAQIRAwQSITFBBRNRgSKRoRQVMmFxwfAGsdHh8UL/2gAMAwEAAhEDEQA/ALdSqXcoqqGRXVicyQuoUIppooqBaPCmqQpoWIrYFFyVoiiUhbRAVupBNSS1JjhV2CQrKKhkkxR/w+XUXqm0XQqE01h8Ne++httkmBTIRGtzVSZaHmWUpEDfWsQynWIoanQBYeuVEKp10pNO7G2hNbIG6hOIIqzEZaRcbPxo4ysVJGYNoEydKxwDQVPDNyYFMO4eBbWo3yRLgWawki9ulGw+ABJE0/gWQb7qOHANAPDfSpZGNjjTF/wCOBsNxF/CjYfCoEGDPA0u5iTM1r8Uo2mlNyYxKKH3CIjTpFZVSVGt1Npe4KNl6SJ5itr2UBcSetWIc3VNNDvY7ainOAE60NTKgfdgaGrtYpTEujQUSmwHFFJtBjImQJAMqA1jfHMailSngZBAII3giQRyIq1dfsQd9VOAR3yxa8rZ3XJlTX9xMjgqf12Pe48voL2KXC6mgmKEcU0JSXEJMxdQF+Em08qZIpLaeKWjs8riW0lxCSpaFrTBz5grKpISmw1N5sbU2U6Viowt0OLhF1EASACogCTpE7+VScUT1qhcbzZezaStKc0Ze07NCy29PZwQS2pKGZSCUpUspBJUaZ/H4nKF/hlRlKiMnenI8QMmaQmUtaX1Ed4GhWb1QTw+jLlkWmpK0nhSWzsc4twtqbEJCS4sIUkAqbzhKcxsoEoBSe9BBgSSI41hanWgFLQOzczqQV5UrzsqRpCSqA6BmtBMi4BvzLVpAvHTpsfbWRWSZqvUypQdCS4lZxJU0o9plSkFBSVTYsWUCjQgwImRmLacLSA2HAptJdIJcJW42pMM5wIcC+//ACwUmI0p5K7EWK+5dMXBmsQ1J5Cqx5LhxJcQHQyAwqB2if8Ae7QJQe6r3mc6YkhJyyU1bs6c6kZ3ZUoVQKwiBf51rAPl0yPd0B48T0oeOSpRDI99aZV/I2ePBShu3JIH57Wuz8OEWAtoKHfYWykk+41kypqveVTuLpJSaWhgCK3loobpgYQxNXaIkJ5ayrBrAE62rKrci9rJqFYFVNYB0qCk0A6ySTQ3gD41NLZooRa+tUnRGrKLEJkwBeYqv2ngFke6rMDKTB1G6R5V02IaBkRrvrkdrbPU3gcQhtakKZyLSpBKCEIUCoDJF+zUsFWpjWBFFPI0uhWPFul15LYNuPNJdW0tDxs4kiAojRwEwAVCJHG/GVVsqTqpCTzcQP8Ayri8Rg0mO6tZMRmJWSTEC5JJqT2wWWTD6EhcA9mltKlXmJVBAJg2AUbaVlx62VVFcI6mbwhRpzmrfZdfkdS4+2D3n2R1dT96wY9hOuJw/wD+5H3rkVYdkaYZsf1Ek/8ASBVhjxss4f8AhNLTiiEdwIWUJM9+VOCCmJAgzYUX3jJ3VcFfcaTV7ufy/wBnQ4faGFk/+6w6cyitR7VJuYBOvBI8qGNsYe4/E4cwpQEvISSAbGCd44c9K4NTKf0p/wCIqeG2epxWVtkuK1yoazGBvgDSkLxOfZGyX9OQSuUz0ROPYKbPNE8e1R96nhsU2T/qNno639VV5l2Cd6R/wFb/AAyf0J/4CovFJd0R/wBNQ6qZ60t9KrIKPBxo/wDlWNDLK1IKgkSluyu0VuCsswjeekV5k3sNRaL34QFoQCstIi9uEkSYkWqeF2Y0oiGwP6QE/KifiDqmqE/cDvdGadHoGxFwtTjwWVuEqJUhU+NrfSw0FdGkgiRpurzr2a2KF4ZwEqUlzFKCAtSlAobSEQoEwpGdS+6eAO6u/wALhQ22ltOiQEjwrVCVrocfNi2Sab5BP3qCWid1FUmmGhajbFqJFthI1vRxQ3RUmKBjEgoFZWzWVQVFSlUUdsg0ktN6MhhUWBpsRciwSRUnAYqvaSoG4qybJIpbVMYuUJKaUd9JP4ZsB9DqgEusqBJMWAKVx/YsnokndV32WvqKoNtbOS+hSCojW4MEWi0cqt/EqKT2uzidibQOFcbdWz2rjOZKmz3SFwUySAogAngdJ4Vfe0j4x7LDrK2Q632iVs9qg/6hSe4SRmIyxcJso8IKL2AdSgNOsNYlKQEpWpA7QISISnMkoUYFgSomwqpf2ZhTZTTzI5GR49shQA/vrG9PKKarhnV+3wyZI5G6kuPVfLgXVsbE/wCyr/qfkqn8Lg0tNElpo4hPfUMStCG8lwEtAqyrWCAo5ym2lD2l7HNNEA4pltSpypxLSmZI3BYUpM0m57J4gQUNNPDiw4hc8wJCj4Csvl7He36nUlqlnio+al7NfuWjTo/DJDXZP4hZJUsNsJS2gQAhrOkJdUSLuAGAVQdDVQw6rDhxXbJDxSUBttYX3lESp3s1KCEoBKgDcqSAIuarMZh+zMPMqbJ/3ULRP/MCazD985W0lZ/SgKUfJMmhlkdr4eUMxaRKMryJp9eO3oueDqFFX4RHZdm9iHVFbzi0sAtJMQ2jtIGa5Kli4IIm4Ip8HgQZAUh1SRJbacQo2t33MxQ2JjeVG8C0jG/Zx83UylsfqeUG/gtQX8KewXs224cq8U0SPytNOPESYF1FCRMgXtzo9rnVx+ojzIYN23KufRX7LngucRje02a1hngF4gKKkhCkZWkpdhsLKlxZGYBMlUAE3vVGlQZCyvVAIgQZUNEggwTMaUwnZWHSstpw77ygSk5siBIsQOwBP/fxq92f7N4ox2TDOG4LyBS0c0lzMQrgadLTudORkxeIRwKUYc276Vz82Xvs1gg1gsE2sQ6EuLcH6VFRzg8wtcHmk8KvCi1VmxPZtGEaCEEq4qJJJ8yedWalwIrbFUjiZJOU22AUmpN1ho7TMCTRMFAFpqIMUwsUJSKqwtr6mBdZW0orKhKYHCtbyL052XOl2SRTbKt/lUfANpixaIO+Kk6rLHCmlKmorZlN6DdyMqkJtvEmiYhgL5K+dRKAOtTZVRXXQpK+oi/s2CLwDx48KRxGBJlspncRrYiumSARBvRUojQUaytAPEmcQ/s3t2F4V9MusgFEi62dEqHFSScp/t41TbI9l2nwQnOhxswoJWRzCgP0n5g13u3sMuEvtiXWSVAaZ0kQts8lJnoYO6qLGZG3W8U2pQacEkpFy2q6kwPzaniFJPAUtSXoHKL4aZXYjZ2Kw6YRjM2X/wCN0pMjhCtaU2ZsrFYhKi7jktpUolLSFJSUok5RCIvEeXm/hsfi8SpxWE7NDCDr7qYE71JkkAXJi81PDv4pagkhl+ZPcdSQABmObuxlMRrqRQ/CM+KhDaPsww0mVFbzijlQkn3lnSw+NCwOB7LKyxHaKJBWN6/zuTvSgEgHn/NVntHFNlxSmVhSSAhkjRtBQlTqr6GSUjhB/TTnsxgrdsR7wyoB3IG/kVG/kN1Hw+grm+S62RgUtpSkDQQPv1qyJIpTMa2vEobRndcCRunfyA1J6VJtLlhY4OT2xVsZWfOkFtmTy1PDrwrmNrf+oDclOGbLihbMdB1vA8T4Vye0dqYrEH+M8QP0I084A8gOtZJ62EOnJ19P4JmzP4uF/Pb6+x320vaXCMDvvAngiD8SY8prm9oe376+7hmsg/WvX/sJ8k+NcshhKTITfjck9SbmnsfsbGoRKcOQsozoSv3nBmAORAuSB3iDBiLXrL9ozZ3UDsfdui0Md+d/u/8AH09xLaOIfelT+IWob75QPE3+Iq19lPxLXewyMQtBgkBDrqFDxkDqkg9dK17ApxCMYyXsKszZztWwqE96VoTllmO7HHQk2j2F7a3AR118APv4UUcUoO3Ln8jNm1+PLFwx4k16vn5f9OV2P7UsOrLLmbD4hPvMvAoJH6kFYGdPkeVZTe2NpYYlKnUNrUmQkrSlZTOoAItWVp845v2CcuaJF6jYd6qdDtMtPVunFs4kGlyXzEE60XEKt1qrw2K16UVLhJvSNjTHKVhlCtprE1JIqDUiSU0ZSotUW6IkX0qFURIlPSuZxOE7NSsOqOzeOdmTAS4SM6JgwNFixuFca6xCNYFJ7d2QMSwtpWpEpPBQ0NU2GlZx+zsY4wteHU2tTTyCpLyG1qQly4MwnMAYF4g2jfSj7+P7QJOZ9GVSlwhxKcoBlJKwmbTYGb9a2MLiAwVtvQEKyKbg/wAJaYzix0ghQtOVQpV04mF/+5EIjMpIJClG2RIJhVyE8CTV3fIHTgssNshp3FLZYENEha4Vmytwk5QST75/6hQ3iu+awiUCALaeFVPsbsP8NhwD/qL77h4qO7oNB0q9UgkUG4YolRtgKZYddTBKUkpHFW6eNePFD+LcOftMQ5+ZCAVAclR/5QOVex+2jZ/AupSCVFMAJBJJkaAXmiYANYdAaQlKEp/ImBHM8+ZrJli8k+Xwjq6POtPj+GCbb/wecYD2FxzgH8NtlP8A9xYkf2thXzFV/tD7J41iQhbRUFb0hAUgpkKbU4ohRBkFJgiN9erYjb6E/mQP6lj5JzVXP+0DRR33ZO/KClPkTe3EkcqkcWOP/mxs9XrsvSTS/Jfz+5597AbHUt7tcUhTjaBAEkJLoKcpmyDEKJExcAA7vQdr7US4nI5lKf0ASD1UoT/xA61zW1PaNv8A3Fr4ACB0F9K5jHe0K1ApQAhPIAk+J08Kk5xj3r8kPw6HJm5nb/U6/EbdQ0nKkJSnclICRbpcnnNcztH2nWqQkwOVc446o6moRWWWX0Oxi0MIIYexZVqaygpTWUvdI0bII9OCKKlFFDdGQ3XqGz5TG2QZsadaNDQzRmkGkypmiCaGUUVIqLSDRgiks1ojRAawNmjtIobLoxoUcVpKamkUDYaRze2sOGXw9/8AC/DT3BKr9m55nKTwVJ92kPZ/ZXaYlQI/hMOKJ/mdkwOiAZ/qVxTXYYzDJdQptYlKhBFR2Ts5DDQaRMC8kyVE3KlE6km5NTdxRNquxvJQMRiW0KCVKAUQVRyGp6U1XM+0WFWFuOWyuNhoayk3MiBZM5Z891JyScVaHYYxnKpOjkvan2zW4pTbRKUAkWsVdTXO4PDu4nNlUAEXUSbieA1Oh8qV2jhigknUKgjw+4IpPZy8QFHsQrvdxR/LcEwomw3nWfO/Lm5tNp8/meu8uGLDWKkdhsjYjBSla3XFk2KRCAlQMEGL/G+tM47H4VpKkoQhpxPukQSesySK4R3aLqVLQHrEiezslRAiQfePCd8DdFVuIxmUTvJ9GtkMtJJR5Oa9HPJ8eXJ8P89jqdoe0GdORSQsbs8xJ4Cc0cLiufLieNItuZjvJ5Xq4wXs7inbpaCE/qcOUeWpqSjKfUbjzYdMqhx72Il9PA1FzHITu866Fj2WwyTGIxudX+3h0lSukIC1nwAro9nbBYQZZwEcHMQQPIHO5PVKatYBeTxVduTgMInEvf6DC1jiEwPNUCsr1N5WUfxX4HBv+CnleSsn+4DlWUfkxMr8RzvlIcCaO2ioJTTTKa6spHmIQJoaptpmopUlIkkAcTUBtVrcrN/QCv8A/kGseXU44fikl7mqGJvohxLUVPLSCdtN5gk505jAKkLSCToMygBJ4a0808FXF/oeB4GhxZ8eXmDsY4OPVEgmjJFQAqaE0bLRMVsCpAUJzGtJUEKcQFHRJUJ8qEsKBUxWW41EmdDUISmlcSs6gSRMeX+KKapXNpJbdLZkCbE6DNCjruub7r8KXkaoOMbfB55t/DIcSp9NpAWU/pUUSpHwkcp4VzH49SUBvNAExlMkySokpIgG8Ty6Ve7cw/Z4txhJ7j6u0bM2hQJgD+pSwOp41z2Pb/NFyTIAgWAgjiDfoRWRxSdtHfwZPOxKDfK/sK4h7MSo+rRUmMMk3IBKfHX4cKzKAoFV0i5nfrz486Ns1snNaQBJ5Rvvuk1Gr6GyM0lTDMSi6O6eIAB8LWon4n/cQl7/APMVOfBSsvwqWWNRcSCL8/2oLg36D1+9XFzXcHJj08uXFFs17VutpyoaaQOCUKjySYpLF+1+IUI7TL/QiPiqTSfbIgQb3n6RUXXERe/h96O5d2I8rCukUV+Jxi3DKiVHiolXzrK2sieFZQbRvmpcbj2Q4oSQmVqGoRBg8FKJCUHkTPKioU4dVBHJHeP/ADWI8k+Ncyv23wSe6hal5QTDbZgJGsTlEdKutnPv4ltK2GSyhaQsPvhMBChIUhtKiXCRHvFIE3J0PMz6jxHUuoxcV8jgwwYcStu2R2vtPDYVIW+oZj7oVLi1f0BRJAnfYCkthbUxu0c5wxYwzSDlUpcvOjh/D7oTMHXhqap9qf8Apy6++VB5w95RLyilWcT3ClUjIQPyhMAm2grr/ZvYidnsqShUqWc7igCtayNAJ4X3G5JJvR6fR4Ifjucvp7di5t1w6Du+yaezUMRisU+SDIDoZBP8qW8osY1J3TT+CUEH8xIShBzKkkhNyoiApUmJj8piqtp1xTvbrJMIKEIJzJTKsxWpQstRyp7qZHdjNRO2jfzk7ybknqZNVrdbDClHBSl3rsDjxOT+LoX5eBi5EqCbAnUE7tNNTa9V23faNOGT3GH3yAT/AA21lIAsStzLlT8TypF/GqQ2pf6IWeiSJ+Emnth7UDyQc/8AETBP8yFTlVY2m0/vWrRZ08fnNXLvyLy4qddjz3aftbtDFf6aXEtkgBGHQskyYguASfCKssPsXDYdvtcU5nWYJZC8kWkglJK3FA21APCnvb4OtpStpZSyO6pCYSE6ZTbQEkiOMca89LuY71evM128U4ZYqS6CkpLhHeMNu4vBrcEpU2sZEgkw3AEEkyYgmTO+rT2e9oQmGpzJT3VHgdCocR858+L2Rt55gDKe7MFBFiN/jb41ZbHwY/EFSCFNkyAJ90zKbwQRp8a1SUXFplQi+56g05PjVZtzZYWUrGosee8fWrHZrRCYPT18/GnFtyIrnSgnwy1KnaPL/a3ZRU0HLZ27p3kJMSJ5Kv41yDic0gpAgEhQ/Nmgwd8iSY3Qrw9h2hg47xBO4iNx1+G+uE2hsJaCS2JzSiCAJSYAkned3SleXxRqx6hxakjilSk2GogyOPCd8b+dbblN4uRfgRbhYXE10GKwGmZC5m3mZkcdN9NDZZF0xBtxExNiRB67zVKFGqWpT5RzTuIUTmIzXPGTHeM+cnrQeyU5uNzYJ48hv+ddNi9mLKg4kkKiFEECx185Mjh8JYLYSxC0kiI90EkG+4d4Hw368T8sVLVM45xuKCu++vRR7M55mPzWm4m86TNwTM+FIu+zCEmB8ZMcxxB+tEoCHqWzh/w8j61quyxWxwnieQGm6sq9qA81jeA/9L2i52uIWYKirswqRG5MgJgefWu/zISAImIAnQRplToPAUq/iI1NUe0NupRzryeTxDLk4gdCODdydIvH1TvvEqUSoqkyAdANwge94zxgVyT3tVfWKZwu1CsSDNLfnpXJsatPE6X8ROpqOeqtrF8RTKnwU2JnT7RGtqzuJflUOG4KTooFJHI2P1rlPZ7GutFCwCQx2jb2kloLSmTxI1HSr5DlwQTzP2qsaayYjEIjuvoJMa3AzAc5HxrreFP4pQfRoz6mFRTOq9okJdYM+6CCY3pNj1EKnwrmcRs3DNpLSGFqcFlOOKIg/wAqUGPOrvYwzMFtRnKCiDqUmwnnqP7aLhcEtSApV1A5FHjlEBXiL+VdLQb8e7HLszNkqkzl29mkxvGkcJ9TXZezGzkpGhJnWPj60ojGx7xz67hV9g8MEC1dHc2Jk1XA60kUSgZ+FTCquxFAccgFOk1VP4eUQJsL9NdavFCglob6haZyaNjBRJVAEW7o1Mk3479N5ptGy0pBAGYcOHkOYvzq7cKBoQPW+lH8Uganw9bqslsosVswrMC9/K0mIHqaz8OU6GI3+7m8r/4ouN2ylIOX9/Cuexe1CSZ39ZqrQVNlyrGNgHeYgpnU8ekbhwpJ7aCUwUnunjuIMnfO8eVc29tZIUTFoMAHfHOd9VuJ2qVC89Z+m+qcw44mzpcZi0uaKAI5jj8dayuQTtGNNen3rKDcM8pnaYrECO+vKN99ar29poUoow7JdWBJtMDiomyRzNq5J/a+Db7zri8W5+holDY/rdUApX9ifGpYZvHbSSEnLhsFrlbTkQRyHvPK07yjHyrgx8OhjjvzSpG6Wp52wVl4ezxqlIU6HMnvlkDs2psElwgF1ZiyUDLYkq4o4fBLw6yhR8jNX+DZaZQllgZW0+alb1KO80ltJ7MqSPGs7zqcnCCqHZfuaMcJR5l1GcLKrCNCdY0BNNtHgT+/PzNVa1JT7pmwNxF4v5Gm9nOHMDfw3evpQfZ22G5qrLrDQkgn4brTeobX2f3m3Qr3QYO8EnNv8deJplhIkXuBrz8+9xq0weBJyyJy6aXE7gdK7GjwbGc3UZLQbDbMC0JWJCjBI3bjwmNKtsJhQkERY3qez2ykQaZXyrqKKXJgcn0AaaC1QWa3iH4pRb0jj0qmy0g/4mKCraHCk1Lgd62/r1quxGJ4c6Cxm0u//qvSkMftgg9dI3fek23LUltg9wEbjr6tRWDtVmsXthUWMev2qmf2mf1k/fiPXGh9oculjPr1wqrfdvvjfoPQod4xQHX9rGN5i/C++Kq8biSTqLW7pkcdYvUHVChcDbfv4cRrQ7x6xAnCTO+89Z5/elVmrB1Wa+8zMW+FKuOkReYEC4FuE6xQbrHbKVixIB96PC9ZUHnFH+UcpH+ayi3IXtkzpsB7NYLC95Q7VYuC5Bg/yoHdHjJpjHbYK7CwqgL5Opms7YVwJYpze6bbZthsj+FFuMRApdapvbxpNOK4U0w/ckagi+tp3gjU2p+HTclZMtIO2sjjG4QOHLnTzDxzZklQiAIN+NrcYNK4RYUqe7mOgEiT4CAfparnYuBXnSVAyJMZha43i4JgCa6ePTmGeYvdiBRQJSQPrwVwuPjxrpMOkjdBBiNd1j1oWzmgEiIG8jhvA+Jph3FJQeJ/zpWyMUkYpScmOjS9KYjFXgUi/jSTr0v69GoKM3tbjI86jZSRLPKjeRvO7xoT2KAHdMddefT59KG46jLmURlFzOnCIGp5XNVOL9o7HIkpTFlHW/CD3JG7XpQUMRmJx/IRrzPP9zFVjmNBPygTv3nTwE9aQcfzkzEG9uPnegAd6Z5X4VHEamjo8EvNfSdL8OPPSnH2c6Sk7xFUuCxQSb8RpGvOrku1dCpdTmm2SSUQeZ4dZ0qrxrRCgDF93C8X+fjV7tgkLSsEwbEbpGh9cKqtrAGFAySL8j/j5VmfEqNEXasrnEDfQ0tndp4fWmFIMCtMsg3J04gmb330N0arVWKIbkxfwv0+NHRsLetYT8T9h50YpXMJMAxcEADWZiptYZu5U4VEeXhNSPJUpi69ltpPvZgd/wBLVlW2Gwmc2TlSOevlE1lHwKcn3kcqoVEinThibiRFxQ28KZEzB9W40qGnI81AkkkgDUCBYDjOnzNW2z2gLQPymRu3WI4zv1igs4IiDGsCeGsgT1t+9W2CwSlbuEc9bnhxrTDGomeeRy6FgxhAVBSidDckESoXgdbW08q6LZzYAGUZRY7ul9/jVbhMGUwTzPoRYfCrjZ+EAMmZM6akRvm0eMXpm5CtrLFLpEgbxpE3gC/oVAHjOvl0qREGw63M+J4+rzW0NTfy/YVUpFqJBfAAdYn41VbV2gnD5c8lSrJTOvO1kp5+hd4x9LSZVv0AFyeVcPtvCl9Xae7F5JKjHDnF7fAUt5VF0wlC1YTDbQcdUrOoRqkAWTxCRuFt8mllCQUjQHQGxm8DmL0u3EFZsZk7uWl5NWO0HMzXcPlvHKpahO/Uu7VCfYgaUFCVFUBMk2j99wjhUVYlISAm/EkevW+oocURKTHMcvnWlC7MACFZbgz5cBV1g8TmQOI1pH8CHMqxN/ezGdIuI41ZMYdKBCR41c5JoBA8QyFJIUJFAcYSUFAlA5WiN/OnaWXrSGkwlJooVYRQJFidf3E0q4zuJ8r1bY33wDAChE/f4UirArOgnpSHHk2wyUuQBMiCbCwFMsIWqLAAaSB5xvNbTho94/T502FpGpq4wBnlXYYbQrWfM/aspJ7aNrAAcTv8BWUTSE7pB2mcqZIn+W0gngBqIIvrNYvDBsCRmV3kjvTEQAU8RKlDcLVZlrMSYIJEDST1McI+9N4PZ0mVEDmePIC9G5rsUoepUYPAFcTYRG/1PSumwGx4AsRPHf4DWrHBYNKdB4q94/0pHu9b76Zzxp5/vvqqvll36CgwATqB1Vc+E2HUTRzYCBI8h159a2mT18/nWOpnf19bqr9CAMwJub8v3+lOYRxO40lkvp6+XnRko3Exy1q43ZUqoDjsKHFSVkngIgDlw+OtVW2MO22IGYq1JJsBwsBerLF49KJCfeGo68SOHnXNbRxalnvKPrgNBSsqgv1Chu9iqxqyF8QvTkQL1HZTsIKT+U8zY33fSmFtJJukHde9AwuGUkq7x3fe3DrVRe+NPsVLhkXxKlHKSqQQCOOhN/nRPw6yACoAzzMdBa/O9TW8EQAkkm0DU9T9TUmyZ7xvwGg5cVGtN8CRlhwxBV7sCQInlf6U0HJFKpVvordX1BbCA1pwA1BSooS34MVdFbjTzcyDvoKYTpUnHSd1AUqN1TaVvfQlimwobvD1aqp3DqJGZWmgqw7cAwfR+lBWqeXzq9l9SeY49AaUgXia3UmUj141lXtA3s73D4AQJJ4WBk0+hlKdAB/2VfrZPxrYdgSbHdoLedhSwVqNB5RPG8zzNzSVFI122MFQPADWZknxNaSobhQVInp6863Ycz4WqV3ZCa1bpJ4gfU7v2rYEXNvj/mhJcG6547po5tdcD1ep1IaULZtBzMfsKpcXtA5ikaDUi0/YdL+Fb2ttNKhCQD/MRf8At/SOevCKp1En7UrJl7RGQh3kbfdO77UsrWirSRvvypdTajf1650uOK+pJzNA3qalUJRIVBtHoDrUntY09er0xY9rFOVoCEQZGvrjxoiNfhUCrh8/Vq0l2NfKnRQtsdSus7WkVYoza1Q7U01RFORZFdBK43UNRO6okLOtXQLkY4vl8aXcn9v8UUH163UN9dGkBKQAgVLPHj09caA4v1ehlfOmKIlyC9pWUHNWVdA2z1NZ5mfM/tUW0X4ct/3orbduXGtZp7qU9eHiaxnVIOunRKeRJsPM6+FbbYMXI+MDz1omdCLqWJ+ExVNtTbkylGnH7D70Eml1CVvoWT+KQgWMnjx1gJH1qmxuNUu27h9+NVxxJJkmouYsD186U25cIYkohHFUNbsDSkji1f5ognUkmbeP0FEsVAPIQOLM37vxJ6DQDrRk4sEWCieGkdb2qrCCVWE2nnFPNpSBe99N3kNaJtRQtu2SaWFFSlRA0HAnhe5+9Y6DEnX18KEFgDgPVzzoC8VqKZCLly0KlNIktd7epqBNRCx0+tQUqmbRbkbvvorRE6UBB/zRW3CLjWjSFtjTbkWobj0mIoThJudaipW+ioFyJKXB9daioyOWlDUY3+taErEAETpRJANmOUuDJqYWDv8AGoFVWAbUK3Qib+vpWVCHrTgIuqTGs2gfIDSq7aG3EgQn4WH3Pwqjx21VL7qQEJGgHXVXE86QbPOubkyNfhOvGPqWuLxq1mVG5+ApFxdaCo8aXLxBN7Tb5GKqC45CbGUoJOlbeEmx8Y08BrS4fQEn9R33t50Rb4CAB157+FNp9kLcvUh3QSrUgcYjoKztd0RSpv1NTGhPCmKHqJcw7SAASBYamoLUSABz51rtSEAbju0040BLl70xQFSmEINCXaiKXF6VW9emJCXIkV0Bbn3rS186CpXr16vVUXYZLsetKI0/8KSKvL1+9bQetQljisTblzoT2IMak8Itb51BuNDQnlyLDSjihcmaU8TppQAs9a1m8p0+tRKuFNoU2FU58qily/rWhq9fWoBVU0RMfzc61SC3KyqoKzqUqvFHVWVlceZ2kQeNvBVKPq06VlZTIgyJCtLPz+lbrKfERMm2LpHMUPEmFEDQEW8JrKynRM8iTqjE0I2041lZRoUzFn15GlVH6VusqykLOqMCtK+n0rKyqDI7h41tOtZWVRTGB9Kk4kfIfKsrKJAMq81Set651lZTRZHDC6ug+tCJrKyoQGsxPhWVlZVBH//Z','https://i.ytimg.com/vi/2WDU-G1TotM/maxresdefault.jpg','2020-07-15 16:09:01'),(58,'The Blind Side',2009,2,'USA',126,'November 20, 2009','The film opens with seventeen-year-old Michael (\"Big Mike\") Oher talking to an NCAA investigator. Then a flashback ensues.\r\n\r\nMichael has been in foster care with different families in Oslo, Tennessee, due to his mother\'s drug addiction. Every time he is placed in a new home, he runs away. His friend\'s father, on whose couch Mike had been sleeping, asks Burt Cotton, the coach of Wingate Christian School, to help enroll his son and Mike. Impressed by Mike\'s size and athleticism, Cotton gets him admitted despite his poor academic record. Later, Michael is befriended by a younger student named Sean Jr. (\"SJ\"). SJ\'s mother, Leigh Anne Tuohy, is a strong-minded interior designer and the wife of wealthy businessman Sean Tuohy.','data:image/jpeg;base64,/9j/4AAQSkZJRgABAQAAAQABAAD/2wCEAAkGBxMSEhUTEhMVFhUXFxcXFxYYGBgYGBcaGBUXFxUVGBcdHiggGBolGxUXITEhJSkrLi4uFx8zODMtNygtLisBCgoKDg0OGxAQGi0lHyUtLi0tLS0tLS0tLSstLS0tLS0tLS0tLS0tLS4rLS0tLS0tLS0tLS0tLS0tLSstLS0tLf/AABEIAQsAvAMBIgACEQEDEQH/xAAcAAABBQEBAQAAAAAAAAAAAAAEAQIDBQYABwj/xABHEAACAQIEAwUEBwUFBQkAAAABAhEAAwQSITEFQVETImFxgQYykaEHFCNCUrHwYnKSwdEVJNLh8TNDdIKzFjREU2NkoqPC/8QAGQEAAwEBAQAAAAAAAAAAAAAAAAECAwQF/8QAJhEAAgICAgEEAgMBAAAAAAAAAAECEQMSITFBBBMiUTKxYXGhgf/aAAwDAQACEQMRAD8AHiuilIptWISlpK6iwo4mkpa6KLChK6aWuinYUJXU6K7LRYUNikNPy10UWIjNNIqaKTLTsRAVpjJROWkK0WFAht03sqLIqJhRsOkCtbphSiGFMIppioFcVEy0WVqNlqrFQEy0wrRTpUTW6LA1zWqiZatLqRRuF4Gl292KXwXlhPZtllQcwmdYgifCuVSN2jOFaN4lh1AUqMoJYFGEOCAkidnUTo41OYyBpU9zCWuzZ0vZoy90oVJDMqyDJGhYab1Fd4eyKrkAK85TmQ5oOuWDrB3janYqGWcIGRhB7TL2q76opIYbRqM7bz9kse9TcHbXv5wSuUd4SShLoocDnEnTmNNDBBJ4cwti4VXITlzZlgtE5RrJaAdN9KkbhT5VchcrTlYvbAMaGCW5c6WwagGLslXK90wE93VSTbQyDzBJn15bUXxLDqvayuQrfZbY1GZA10HQ7gBbfe/a1JkR17AlYzAaiRBBBEkSCCRuD8KJs8HTsDfz5VDi2VCAtmIBEd6CNd9KewnEGw+GBsg5Zc9vlEGWKrZykGfu53aIOYKw3ig8OuuYiVXvMNYOoAUkAkAsQsjaasbnBwbTXbbLcVYFwQVdJ2JU7r4gn5GIG4awti6QMkwGzJGaPdGvvROm9OxUD43D5HKiSuhUndkYZrbeZUiehkVJwqyGvIpEgsAR1HOmrh9dIE9SAPUnSir/AA1kbs7gCtp3SyaTtOuk+O9Gw6BsXYAFvSC1sMwIytmzuJKScuiiIOu+kwH4qxGYhYUpZymNCxWybkHmZN3yg9NJ7nD2tsUdSrDcR11p74DLlJy96cpzLqAYJ32BET4VO49AS1hC1piqFm7S2JAJMFLxYaeKp+jTMFh8xYZc32V4gb6rZdkIjfvBfOrS5wdhlzKssJWWTvA7FddQfChcVgSpKupBH3WEHwMGjYepXJhgHVbkqMyhid1UkSY/dM1JjcOArkqFYXQqDXVMtwv+8FK2+9+3uZEWC8MUIHdiqsSECqGZssZiAWUBRI1nc7VDjeGKgtsrqwuZ40ylcnZyHB0B+06kRrJmnsLUAbDgW7bqgac5uEyQCGgISPcGXK06TmPIUzhOFR+17TRRbnNBOU9pbXNptozawYkmDEVPjeFvby51AzAMssmqnZt/d097alvcCvAqGRQWAZQXtywOzKM2oPUVdk0VuPwzI7K6BDPujYdMp1lehkzvNCMlWGIwTW2KOhRuYbuR4nNAA8alxPBbyHK6qpgGGuWlMHYwX51SYqKRlqIirDGYZrbMjiGUwRpp8KEKVVk0b10qw9k0jGW/+f8A6bUEaL4Pjls3VuMHbLMBQusqRuWHWuNJpnQ2mjOWPcX90flVzj7YOGwcuq6Yr3hcMzdTbKjfONx6BHCgaLMDQSAD6gEj50VjryvasW1Dza7USQoVu0dWOzkiMvTXwq0Sx+KSMDahg397bUBgP+7tp3lB+VTYi2DhcLmcL3r+4Yz31/CDQ9y+hw62QHzLdN2YXKZtlMvvyNwZjltUt3EW2tWrZ7UG2bhnKhBzkHbtBEQKAA79oBiqtmUBYOoBzIjHQ67sR6Va2LS/UXDFh/eF90BjOQciw/OgXKd0IG55iwUEkxlgAmAADz1zeFHWsZb7A2SLkm4LmYKkaKBEFxPnpUlEmEww+q31sElmA7bOArC2Jns1BYGZM96fCYFQXbH9ztj/ANyx/wDoNS2scLaOtpWzXFKF3gZVO+VVJ18SdNNORUYq32K2yLkrcLyFQjVCmWC4POZothSKa5hdD5Vae1FmcVdP7n/SSmX2QwFD7ksSFB2hQoDbasTJ5LUvFMSt261wBgGjQhZEKq6Q2vu+FK3Q6VhN4fWc1owL1skWW0GdR/uW8eh/zmqxCkLbBkEKwIO4Iu3JBHWpsRcBdmXMJOYTAIO/InY86fxLGm8yswghArEAd4hmOaOpBFPsVUN46NbH/CWPzuVLf7+CRm963eNtTzKFM2XyB+GWo8dibVw2z9qMlpLXuprkzd6e00nNUGNxZdUtquW2klVnMSx3d2gS0EjQQASNapIkI4fxC12YsYlSUBJS4vvWyd/MT5+R5Dcc4X2IR1cXLLlsjjqYzKR1hB/Cdtqaz2mRFYOrKCM6hWBBZmClSRtO88zpsajxWKBtpZTN2aubhZgMzOVy6KGIVQs6ZjJPKqoVi+0e+G/4PD//ALqP2qSXw/8AwWH/ADu13F8Wl02souDJZt2jmVdcmbvCHO+bb50vFMZYvNbb7YZLNuyRkt65CxzT2mk5+h2qkhWO4gvacNtu/v2rxtIx3KFC2SegMR0y072rwlt8Ume8tubdkGVuEgZd9Fj50DxLiHaKlpVKWbc5VBzsWPvXGJyhmMnoBJFLx7H2MRc7Sb69xEjs7be6Ime2G9OibM/ih3j4aa9FGVR6AAelCOKsMe6FvsgwQABc0ZjA7zNBIktmOh0EDlQLCrSE2ehG1TexozJXdnXIagRt1GbNWItVxt0iitNmkNuKsGt1E1mmICinLU5s0nZ02NCaRrT0ykSCCOs9N6juosjvQUh5OwEMJboIzc+XhTLmCUEt2gENLdJB7SGEwAASeRgzNZstBBA3kVE9xeo58+m/wqO9hVY/7RZYiQI+66sABOhGu86udOVNvYdciywgR0ykRkyx0MxFCBoeXGonUcvn/OozcFBtYXu/aSBAmdSROXvde+PgOtRth1g98azJ0gwMpkcoPPxitEjNsPEHYiuK0JZQK05xzHwGupO4y/I+lkpquhAzJUTJVmEU1BetVSkJorXSoXWrBrVDXbdWmQ0wG4KGuCj7lo0JdSrTQqArgodqLuCoGWnaFR6fkrstSBa7LXDZ0EcVxWpclJloAhKU026JyVxSnYUBm1TeyowpTSlKyqKzEYdCwLMARykCRuQTvBgaeFQthLRBHaalSpOYSQUKCepAJIPUnqRVxkqptcQYmCB/tCk7QAbwB1ME/Y7ae9ttIA69atsxfOcxkypHRdh5IPz3giG4qAdn3ozZgNDGVs5G+okE+pHhRVnEsxUQNSwImdgGMEaMCDv+WoDfr4DFSqgFgFbYRJDE+TrH/OvWhAAjB28oGZhBEZomVK79dU+Z8IY2ETX7TcMD7uzEk/MmrG9iyM0BTHZ+7JntGyiOsAT41CcdoxAEAqNCDoUVyQN2jNEActJOlUmyWkA/VUhVz6KZXUaaEDXwnTyEzRyJpUthi2bSIYjeehBB2IIIPryNOdKqyaIgacdaa61CadBZKyUNdTnUn1g0w3qXKK4ZEBEzVVfua6VY37lVl+qh3yTPrgBvGhy1T3aFNbmJ7ALdL2dPDUuavM2OzVDOzruzFPrqewajQgrstOJpJp2OhuWu7Ong0op2FEJtUnZURFIVosQMbdNNqistNK0WAIbVNKUWVqNlosdAjJULpRjLUTLT2FqBOlDXEo91oa6KpTJ0K+4tB3asL1V+INWpkuIO9yKFvPNSXWoO7cqkyWmMuUM1K9yoDcq1Iij2aaaXriaSK847hualDV2WuigBwenC4KiK12WmFEwanih8ppZNVYqCaQmh85FJ2xosVBE0hNDi7Tw9FhQ8mmGumor11VBZjAAJJ6ACSaLHQ41HlmvEva/2wu4pyAxW0PdtgwI6t1aqDA8bvYdhcs3GQ9QdD4EbEeBrT2m0R7iR9D3LVC3bVBeyXtGuNwyXoAbVXUbBxvHgZBHnVo9wVi7TpmqplVftVWYm1V9iEgSQQOsVUX79s7Op9RRuGtlPeSgL6mri+BVffFWpmbxlXcJqEtRlxaha2Kv3CXA9ezU4Gm5KUCsqNR4p1Rg09TTESAUopAadNOhHTS0k0hNFAIwqF1qQtTCaVDRCRSZqkYUzJSGdmoPilrtLVy3+JGX4giKL7KmPbpDMLwzh+AtjMuFVn/bl9Qf2iQKzn0hf3gqVVRA7sRA6jTltVliOA3bmLu2TiiqEXGCJ76gbTpAGqiSdZqjuYTC4YXM1y494dxVZAAp5tnBIZuUg6fGqi39mukfrsO+jR7thXQiFaWIP4u6FI10GUHl67VubeOlh5ivKuFNev4i3YsMwd2CiCRyYkkjYBQSfAV6zxTgptWkVWa46LNxz7zD8Z6CRoPPeCac4SacjFSgmoIseJcIF9Ze4wUDUToeZJ5mKz1nDIg7FwJU90+IOjA/r41dW8KTbVvrJ7khwIZXmO6J2iDqNdT5VmuLMe+EJ7sMp56H/AErmnSNowbQZfxCAsYGozEct4YeWaap8f3W7vukSp8D/AJyKLx4GfKdM0/8AztmB6MWNDsM1hW5hyPRhP8vnS2BR5AGFRkVI5puejcv2z13LS5adlpa66OMZkpQtSCngU6CyILSxT4pYooLIiKaRUxSmEUqAhNdUhFcBQOyPLTgtPy0kUUAmSuKbeJgfr50naAEKTqZIHOF94+QkfEdacrzHgCSfPkPh8POtIQvsznOujz76TcDhzcXIW7fKvaquoe2zZVzmO60gkaGQhkcx5rx57SLCgKVhQoZnbxzSqqg2gKB617NwvAC5bv4m4gZ7jXW1EyBIVf4EQfxda89PBmxmNunC3D2RvANfWQFCqEKW23aFC94aSQBoZq9Fdjjleupovoh4Law9h8Uz27mKcf7NXVntJIy2yJ7jscsztKgxBrb8LS7bScQ4a65LvlByAmIRTHuqAqgneJ0mlwGBw+CtKlpUQAaaak8zJ1JPxNVfFOMbk6DzIPmenrWhjQzjHF7Nm3DM5BaAgQkCDooIG503NZu32t+61wp2aZCoH3pZlC7eE07ils4jCXGHeBYleUd1SCDzEruOoozguLN/DrcfS5JW5OkNaLKzeAkT615edfJ0enhktADiFvNiQBslxfh2Zj5vRHDMNNnKfxT+YpeGKb9xmRZlp8gpjX5Ve3ODlLZ1HWN4PODz3NZxi2FpGdvcMHKhzwyrB7RpMhp6o02PQ5pYrhS13HnnBadlpVFSBKYrIstdlqbLSEUUFkJFMK1ORVfxfiS2FEjM7aIgiWjc67ASNfEdaTGicrSAUKuNYgHKAeh/LSac+NjZST5ikVTCop6JPlQFvixXQ2WE/eEN8pmg8XjryybNtnkQFJCqDGh70R6H+taRSfZnJy8IMfGILmh7zKFUc+6xJjz7Ranvr3WA6QPXSs/9SuNdw9xkKhCS4JBgBO6NDqc6ptyFadMoAYkHY/GtU0ZNNFfxDhebDHDo2QFQmbeB97znb403BYO1h0C20gKI/APQbk0OeLlkAtsrvGuVSwn00HxNVuLsv72LxBVeVtWFoHzy99vKaB0N4vxG5mKoEDcwZe54dxSI82YDxrOYnhb3mAvXCAWAI0gSQAIGhbzmOpq4fH20TLYQKvQLl9SP661mvrj3cZYVriIovIVQmXuEMDoomAOp0pPqxrs2+Lw0WlS3lCCQRzhSQJ8958T51RcRxQROztjvOQAvOO9qRymRWmSyUVySTLSs/hgHTwzZqh4TwVCe2IzMeZ1/09K85xcnwdyaiuehfZ/ADD4clozudfU7fM0fiLkiKfxG1KgDYEfnQdwGtMsdaX8EYpbW/wCSsbD60n1bwrQYbhjuAQNOp0H+fpR6cC01cT4LI+MiksTYPMkKtSKtU1rj9kpnk+REGem8fOicDx6xcBObLHJtDHWugwstkWplFVv9q2QAxupB2M7xvTLvtBh1MdoCeg15E77cqZJaMKYRQw4rZ0+0GokTIEefKk/tOySALq67QaACYrGe3FjEvdtrZKW0FtmN5ye4c2qqqkFiQBvoInetKvGLWYrPkZBmN68s+lTidwY22VuN2PZ22AGgPeuBx4tpOvhSZpj5kVnFPavEWjkBF+SALqOYk7Ary186EbifEgO0IMdBy9K7guHw/aJcS4biLeU3woOSyr9olknmQIQltYJ8a9A4vw/IhZRoNGHgfdb028o6VlJV0jo25PO8P7e4tD3iD4GQfnVnb+k67EMnqKTinC7VwSAAT5b+PhrHkTWcxfAwDKieY8Y3U+JGo8VPWmpxfYOzQX/pEdvdMVb+x/tmbpexeeG1uWm11gTct+emYf8AN4VhsHhLDLkuWxP4xodCGzA+Kx/HXWeBtbuqA7W3tqtxbqqSJkiGHWV6QQTNaw1syyNuPSPROH3XxCBUxyWUVQDbVgHGmknKseg9TUOLsYLDy13GoX5we1uH0EkmspjeBXsa3a2rtq5AgrYOo/fHveQiBRHD/o7dwM5JJ3BkBfAj9cq2o5nIh4nx63cbs7GdQTBdjnvN4LaHctz1bWpvYJFbHKioqFC5udoS145VI15L3iOtXC+yKLZuqp7rO6HoCl09nc8IZFzR91j0FGeyPCWS6+KuDvC3kzndyxUEMOVxezg9dDvMzk4g2PHzJG9u4m3ctqpEgCNCQQRoRI8RTTxJUUIogAQABGlec47id6zj7aIQbd25bW4p6MwUuvRgD6gbGNN3iuBE7PHof61OPmKlQsq1k42dd4mphZ1JAHxn+VRYzEBVNCr7POrhzcnKZiN+XXxoTjUyEnViF+Jiub1N7HV6VLUvcH7Tr2aJbW9dcKAVs2LtyCBDA3e5bUgyDJMVIcdjm1Xh9yORuYmxbY+aoIH51SYjhuOuMFbGYkWobS0gsZIKi2gaDmGXNqT90daEu+wlpjL279xubPfUsfM5x+VdCpI52rZkrnGs2hjz5iP18qTD49hOvz/Kqz+w7o3ZB6t/hpy8Lur/ALy38W/w07j9mexbNxmNgJ8vz8d/jQj48949Y/MUN/Zlw/fTzk/0pE4XdnRl+J/pSTj9hsg4cXYhRm0BAAk9dRRWC4qZUBtxA+Bqvfhl05QpWQusk75idO70j4U7D8GvBgc9vQzGZv8ABT+IbIMHF2MGefXqKu7ns39ewitfLBiZtNJBCzqT1DRoDyAPOqvhHArr3VVzbyEy0FpyjeO6IJ29a9Gxd0AhRAAgADkAIAjpUTarg0x8uzzzh/svYsEkTp2inU6iSCD1Gg0PSk9ovam9bwShDDAqHaJJQMFKmeoiaTi/GmQXAgWVuXASx2+0aIEa1QHC3cRZNtENx3ViQCqgZmjNLGAASKxjd2zrlSiFPiIKsB3HEqeR/EhP4hPqPWi1YOvmP0fP+lRX/ZK9hLYuXJuqVEvbzMqFR3gQRIUfiAgcyCarsLjwDAIg6j+nrSnCuiYZLHYizDSY7vveIB1gdILH+Ecq9ItcNt9j9pafLEscuZm03CoS0eAE1ieBYMY3FLZzQgUtd11KAgZR4lmVfDNPKvY7ihSFA0g+kQI+dawtcmeR+DOYXgmFvqAbZBA7r5Hs3V/aRyFdT5VQY7B8Yw97JbxJvWmnJcdLRIH4HWFbN4gsDEwNq3WItKRDAEdDr5Gh7tjaCVA5AnKR4r7pPpW3uryYe39GZ4fhOIKpzthnBmbZzKJJJMEJKkyZDTqdOlW2BtOuGAvZQ5zM+Wcsknaddo3rhiWBVIzlmCDLlUwT7xUmCAJJg8jA5UP7Q2b124MPhxmIXMx2VRsMzchv46Gs8090lE1wx1bcjLcEw9zGcVAKA2rYF12MgAIQUAEQZcqB5Nroa9RuIBqSPgKqPZ/hYwdnsy4u3DBdgIEgaARy3PiSSd6D4txrKcigvcPIa/lTeRQWqEsbyS2fRLxjiYtqSI8Nv5bmstwu616/2uYwknMTpMEAAc99eWlMxWCxF9pcEDzU/AcxReBwXZ6DL4jVSPQ78/hUY8MpS3mXkzxhHSA98bxBhH1u0v7lu3Pj7xeg2fGn/wAe3oFH5W4oHjLBLpi4gmDGaOWumUwJqtONI+8v8Q/w1btOiEk1YP8AXB1A9Y/W1I+Kj7x8gxj9RVTn6lfhXdr4j4eHlWftHNRZHHj8XzNKeItyb56/nVYLn+en+VMzyeXw/wAqftIKLleKsNMxHr/WibfFW6/rz51nww5n5URg7HaOqh1UMwXMw7q9WOmwGulTpQUejezF45DeYaEhFPXL3nYeEhR5g1b/AFlWaRcUnoN/WaGvYiwlq2th1e0i5VIYMDG8kcydTzlqo+L8RWwpAyqIBY/eLNJyg9IE/wCtQ+6O7FComC4tis166vLtrvP/ANRq1XsfjFtxkQ38Te0tWAYRbaTN6833EzFtOYUaGaw2Mtu98LbUs905lA5l5Y69AZk+Br1b2L4MmAtEyGuvGd/xHovRF5dfy3aSVkzd/E22AjDI1y9c7S7E3HjKugJyW1+5bUTC+pJJJrz+77F2uIL2yEYdiRmuIsqzNr3rcgE66kEHUTWovtbuIDdcNbYMCFMgz7yswPd05b0NxTjVoIwQhVRDmVO6Aqrm2G2g0+FS50KMGWfs9gcPg7PZ2u9l7rXCBmZueYjQmfyHSq3jXtdZtmCTO0jYa8z5dBWL9quKNb7W5bfK0hmynRwGVhpOsaqfOqDB8Jx+P+0tYd8jc3IRNt1ZiMy+U/zpK5c+C9YxfJ6Pc9owIzc9R4j06fzqJON3LzZcOj3W2gABVPLMxOVfUiqvgP0b3RlONxMqm1q0SSBMhe1aIE/hE671sXvQUs4dFRAICgQAAOg0is5UvJcVt0iBeGXMHlu4gh7r6CDC29JZQxHQMS0bCAOsp4zGhjUAho94EkKQNTGhAJ3gnam8LwJsNdt3b3b4a5qMLdRWt2wd1QsScs7L7o6Vf4Czh7a5rFu2gJJ7qgGTvJ35D5VqoRlxFmTyOH5KyoOAxF4bmyh3Y++fBUO3m3wNT4XgdiyO6CxO7McxP68KKxvEwsyaoMbx9Rz0rohiUTmnllIsMWyjQAVmuJ3hqen6NVvF/ay2k98Vk/8AtF29zKGyodGcyQB1A3Y7/rUaN0ZpNlviuDG+O0jedmgwCeRB51T3vZxwfcuH0T+lehYLEYJkRUFtgoCguoz6AAEtoZ8aIOCs/hPpeuAfnXI5OzsSVUeLC941ILw6mhqcP1pW9HIE5vE01rhPM/oVBmNEYLF9k+ciY2lc4B65SQDzpUNK2T8PwV28e4GKjd/ujzbarLiDW7SFEnMDq3PSdvA1TYn2md/96Y/dI+UmqvEY0tqXBPXUn50tW3ydcHixru2F4biVy1czWm7xIld8/QMv3j051fcdw+JxKhhhSMqklFZbr6kFnZQS5ExrGkCpcDxHs2dVyhBbcKoUb6ANMe9A3B5mhbGPZXGVjIMg8wdI+YB8xUuruhWy++j/AAoIS1cv2kuGcqMyh1B1yKvvFjExyrcYrHW7aXMpVlQZCRuMwUGTOkZpjpXhftDxXtrwuiAwPvLoTB7rac/HyrV8M9pQcHiBcOrosR+LOquPDQz4AGplB8MFJcr6L7D8RWwzl4NtvfU7RvI8RWi4bh8Bi7bMtowzBnm7cmf4ttNtvCvGX45cZcrEFYgsCZIiDPp0itNwLiX1LJdYZ0dYAzkAxqYIjWNpkact6l42io5L6PROG2uH2puNaQPmLTcJcggkZlDkhT5AVYn2ttXDlw6Pfbb7MFgD+0w7q+pFef8AD/aLAZy9zC9rcLEzdIYDWQFQ91QB0FadfpCt5ctpFQchoAPICsXa7NqT6X+l0mFxNzW7lsj8ObO3rHdB8iaZcv27EwxLRqx1P9BWWxXtkDJZ/QVnuIe1ysctsFmPjUat/ijS6/J0jWYvjllMz3HMnrpPpVXg/pCspcKFiUafIEDQ+u3qOleacVxdy45zkyPu9Kq7jTvXXiwa1Jvk5M/qFK4pcHpXGfpBVtEEnkQYI8Zn+VZTF+0ly4DmMT028/D8qz6pUy2q6GciJLSl2kknz1+VFviiiwqqpncDz5GaEsiD08qdiLxOhg859P8AOlVsq6RKOJXhtcb0gfyp39q4j/zrn8RptnDA+84WdtCR8qIHC52uAjqAP60fEdSZFnNdn60xCdgKkZgu8E9J0oISbJLNtm1mB1P61qV7IymTp1qD6wN2YE8lBofE4onT9elTy2acRBrijlTAgp1S2bc6mtDLsmS++pjcHn1qPEXniACAdz570ZYtyZ5Df+lQYy9Jiovk0fCB7GCDx3stG/V+zEC4p1k92T85HyoGTTSxp0yU0iTHHM0kydiYAnxMRrrTS5IVT7qjQb6kyT60yuqhWPVFnX5QPL512g2LfGmV1KgscGgzJPgTNPuLGo2/KoqcjR5UBZZ2L63QEuaP91/5GgcXhSphhB+R8RUTLFE28VmGV9RyPMUqroq74YIhjapA3TTw/pXXrRB8OtR1RPRJ2lMakJp96yyRnVlnbMCs+U70CscL3WukVFXUDsuQhZhbsrJJAEcyTA1PidzpW84BwT6spVFa7iW1Y2wWJtjKWg5Zt2w0iRq5EyAABkMHiAL1kLCr21qSdJ+0XUmvTuE4g28cj3m7MFbgZm7itFlkM8oLhTH7SnmK39HBO5Px/ph66bjUV5aX9WBm4WtHtbDdhclTcYXHtkmRqSIImfdMggETEHzX2s9n/qjqVOa1cLZDMkFYzIesBlIbYg+det4nExw8D6xbuO62Ea1nOe2lt07K3btBe/czRmJ1gQJOtYP2+Rmt4VW7oth1jSZS1h1uRG/fBE/sn16PVRjrtVctfr7Ob0sp7at3wn++ODDW7c68vzqa2KtX4NdFwWcozlcwXMNgCTBmCYU/ChDgyEa5K5VYKe8JlpKwNyCFYyPwnpXnWemo0ON8BYH+tAPbq1u8HvLdW0U77LnVQQZWGMiD+w2m5gRMiWpgmydrpkC59xOXP2efLvl7Tuz10pLgp/IrLlkiJB1+fWo1tk7AmNT4Dqela/Hpf+zwty0gNiHIZ1GYZ8sM2wBZgIPgRAmR2vXS92UUNiWaywLBR2qqq3CZ91s14NMjViJK5gXZDiZhrR07p120Ovl1ph03rRvirq37QFmXwiB2XMAcqW0zFtAVIAEjU+VC4mxfe5YxBRALxRbOZlKsbWW2A+Y/sCS0Akk6TVEMpyhGhBnpB5xH5j4ikIq7xPGLq38zIoYI1soxzQLlw3XS6TvrcdCpggaEyCaanDLz4l/s0d1+3ZM65cpYGCxO0uuh5HXrQBTqpOwJ9P10PwpK0A4leXtMT2aZb4V3BMhsrNbZ8u4JunP4EDcaVT47AvYfs7ghhuJnmR+YNAEaNpBpjLFHLwe7mRIAZ7YurLAShXMG/hBMeB6UqYFzaNwr3BPeBGysqFwJllDOqkjTXwMA+yPB4lR3bglTp4ikxWDIIyd4E92NTrsPE1Pc4FfW4tooM72+1UZl7yQTI13hW030pOD47sL9pn1S3ets0aiEuKxKnnop86mubQ74pntPsd7LYbh1pLt9kVtrl2WDZgwDBXAlbeaQAsZgMxmQq3i38HiB2Auo7NJKZmcMCoglGBR+sMD6UvE8D9YwHYoouMLbIo11dICkEmBJAIOxBB51m/Z/g2JGLw9y7hClu2oUMhQDP2QU3LkNncxp8OQ15nKVnq48eP23z1fFrx1x5vz/AF/w86+kf2WGBvzbEWnZ1AGaFdIzBSdchVlYSSRLLJyycjXrf044tYW39432PPa2LgY68ibyr5ow5V5JXTF2jzMqSlSJL10sdfQchWr4D7WqLfZYrOQIyOozExoFcZlaQNA4aQCRsTWQrq0jJxdoxlFT4Z6RgfajCzmtJcLqrcnjUQpDvdbszruFJ5DQkVmsfce65d9zyGyjWFUclEn4k7kmpeFWgLKQPeEt4nMw/ICpSoqMueWR/JmuHBDGviiKzevF+1zQw2YBQZBmZA38d+W1C4pGgryYhiIAEgMFPh77DTqav0tjKNOQ/Kq+8veNYKTbOjVUCjGX8wudo2cAANoCAHDgTG2YT8eplxz9lkk5Wk5eUTMeC5u9l2nWJqZ1onEqJocgUUivuY68bmcuS5EFiATGfP0/FBHSBG1RG44A7xOVy6zr3my5mkjUnIu/4RRIXvGnMogedPYnUo24jeS47LcYNOUnclUBRVM7qF0jbQdBUFzGOyJbZiUT3FMQupJjTmWM9dJmBEd/3m/eP5mmVujmY/EXWdmdzLMSzHqWJLH4miLfE7yubguEOwCs0DUKVIBERHcX4edCV1AEzYlzbFsscg1C6aazAO8TrG06xNdisS11i7mWO5hRMkkkwBJJJM+NRUlABI4hdlDnMopRNBCqQQwAiNQxk7maYuLcJ2YY5Pw+ZUkTvBKKY2lQeVQ11AFg3E7rMlw3Dnt6I0CVHIDTbeOknqar4jSnWzqKddoGbf2K+kV8GFt3lNxEgIw1ZQNlZSQLijQDvKQABJAAGixX0t2hbhLNwsDK91bc7al+0fL5BT+8Nx5FT7fOpcIt2aRzTSqwvjPFruKutevNLHQAe6q6wigkwBJ3JJJJJJJJBrq6qMmf/9k=','https://miro.medium.com/max/2560/1*uzkzMz7iaq6ybMHeRygO_g.jpeg','2020-07-15 16:10:55'),(62,'Train To Busan',2016,4,'South Korea',118,'20 July 2016 (South Korea)','The film takes place on a train to Busan as a zombie apocalypse suddenly breaks out in the country and threatens the safety of the passengers.','https://upload.wikimedia.org/wikipedia/en/9/95/Train_to_Busan.jpg','https://wallpapercave.com/wp/wp5270354.jpg','2020-07-15 16:11:50'),(63,'IP MAN 4: The Finale',2019,1,'香港 ',105,'20 December 2019','In 1964, following the death of his wife, Ip Man discovers he has throat cancer due to smoking. After his rebellious son Ip Ching fights back against a bully and is expelled, Ip decides to travel to San Francisco to look for a school. His student, Bruce Lee, has upset the local martial arts community in San Francisco by opening a Wing Chun school, teaching the Americans martial arts and writing an English language book on martial arts.','data:image/jpeg;base64,/9j/4AAQSkZJRgABAQAAAQABAAD/2wCEAAkGBxISEBUSEhIVFRUVFRcWFRYVFRcVFRcVFRYWFhUVGBUYHSgiGBolHRUWIjEhJSkrLi4uFx8zODMsNygtLisBCgoKDg0OGxAQGy8lHyYtLS0tLS0tLS0tLS8tLS0tLS0tLS0vLS0tLS0tKy0tLS0tLS0tLS0tLS0tLS0tLS0tLf/AABEIAREAuAMBIgACEQEDEQH/xAAcAAABBQEBAQAAAAAAAAAAAAAAAQIDBAYFBwj/xAA/EAACAQIEAwUFBgQGAgMBAAABAgADEQQSITEFQVEGEyJhcQcygZGhFEJSsdHwYnKSwRUjM4Lh8VOiJEOyFv/EABkBAAMBAQEAAAAAAAAAAAAAAAABAwIEBf/EACoRAAICAgIBAwMDBQAAAAAAAAABAhEDIRIxBBNBUTKx8GFxoSKBkcHh/9oADAMBAAIRAxEAPwDymKBHBY8LNtiECxbR4WOVZixiKkkVI5Fk6JMtjGJTkyU5IiSxTpzLY0hlOlOdxjE2Pdj/AHfmBO8lPnMpiDnYkG5Yk7R49szPqkQgjpHI4APM7eVp1sB2YxNUZhTIXqRa/pfeR8c4G2GC592vp6SvqQb42J4ppW0c6mdbdSLny1v9DA3vbe2kjBtJAOYOv9+n76zTMRLFEkWv8PSdvBNtORh7k6jNzt66H62nbwKXt01sLa/9aTjznRE3PBm7ymOo0P8AadRcNOT2TU3t+Ifl+zNUtCciZU54oeUDQnUFCIaM2mI49SjK1WhO2+HlWrQmkxHDq0oTo1aEJtMR4qqyUJFCyQLOsiMCSQJHqklCTIEapLCLBaZk9OnMtmgppLlKnEp05bpJJtmkg7q4I6gj5i0k9mnZVXZ62IW4ptkRTtddWbz3AHxk1OnNp2QS1Fr7B/zAmHNpNfJpR2mX8bSFtBYCYLtZw8V2Ga4ttNDx3tTRWoaaBqpG+TZfU7TlVsUKzXCkeUi7i7R0wSfZ5xxPhDUTvccjKKobz0DidFXUoeY+XnMpwnBXxARuV7/ledeLPcXy9iOTAlJcfc6fZzgRrKS1Tu1FwLDO7H72VbjT468hJXw5w7hSwYEZkdb5WR7WbXUbHQ7ER/FnOHoplI8DXXMLEg6ArzO0tdpVsaJA0KNf1NRmt8CzSDk5bfTNzxxitdmn7IWZ16+LT4HabdaU8+7CVh9oQHmbD4gj+4nqS4aRSJ2Ue6iGjOkMNA0JvixWch6Mr1KE7LUZDUozSQHBrUIk6lWjFmhHz2FjwsmFEyVaM6rJUQoknp049acmRJlsY1Uk6U4+nTllKMm2MZSpS5Spx9HDy3Tw8k2bQylTk/EOJkURglzK9YkZgPCMwGUFuVyMv+4S1Qo2k9fhy1jTBLLlqI/h0vkYMA3UaTF72bjpmWwOAx1QrhabKtKkbVGpqAcxGtyQbtfQ8haa6nwulg6BzMWYjdjcyLs5j0o16tJ3AapVZ1DGxOY7D984vbdSxFjyhKVoso/1UZM4hWc67mdLh3DaecPbU6GZ96OU35853OF4rSZ/YqyXGYNft4diDakBSFrkElrlF5tJ+1XCiaVMKPdFgBr+/MzpcOrjNm+9t6DnOuhDecTbJy6MFwJalOoDY5kIJ02IsZ7hg3FRFcbMAw+IvMl9gQg6AX35dTe87nZPG0npmlTfP3Wl+RBJ26gbXjxu5bITVI7PdxCksBYjLOlwI2UnSV6iS+6yF6cxRqzm1KcJcelFjoLPnRRJEWKiydRaXbMDVpGT06Bj6ZlpHEw2MbRw8uYbDFmAAuSbAeciV5cq4RjRLqyHkwUkspI0zafkZKTNxVlpcCyOEcBSddSLW65r2tLNai1NsrDWwO4IIOxBG4kGIPe4RWO6DKT5EXH1H1nTxK5qNJ+ngvztYMt//aSbKyhSKqN5S1QYgg721tIaVOW6VOZMmA7SfbKtQoMKDmOhUeO4JIIcbDY32mvxGDqDC0+9cPUCAO3VuZnVqhlVmpqGcKcqk2BNtASNtZhq/E8WXy1zTpXF+6XM7DpmN7Ayn1Rr4Kxlbsr1VuxvIlcqdJNi6ltb6zm4nHqgvzmIpsu2jtYPGsDO3geLW1awnmNbizsT4rD98ucqYriLuuXMcvrqfXy8p0rxm+zlyeRBLRvOPdsTXbuaLWpfeYH/AFPIfwfn6TsdjeLNRqKQfUciOk8qwdWxms4NjcpBvJ58XDoWKSl2fRmExK1EDLz5dJLeeY8O7TGmgOYgkaCUcX2hcm+cr6Eg/OEfJdU0KWCn2essJE08ep9qHVrio1xzDGaLhntABstVbj8S6H5bH6R+pfaJuNG6aEr4PGJWQPTYMp5jr0I5GLNWI8ENO0AsnCyZKN+c3YqK6rJkSW6WGEtpQHSZch0UqVOXuBUWWpUplSErbMQct7cjzIaTU0HSMwWLKtXzMcqlbA7Da1vmZKTLYltj6eIIVqWW2lj5ENqZ0uA1GqYaorfdCkfzIbH6XkOIpm1Sqi5s63H8zLZh8xf4xexlfNSL1PD3jMCvTNpa/OTSLS6LlIWlqmZCMMwYruRfby5yxSpwOcmQzLcZ7O4ekzYixAJzNrcA/HYGatacl7gEEMAQdCCLgjoRAcZUeNdoOMIWuljp+7ziV8BinTvjQrd3a+funyW65rWt5z3PCdlcDTbOuFohhrfIDbzF9B8JkPaJ28RUbC4NwzMCtWqpuqrsaaHYk6gkbeu3VhkrqCJ5ZOS29HlTRsICdxyMchtO1wevbxNqBsOp/ScYAbfsSapXNgNgOX6yc48tFIScTU/4vzJ/59P1lOvxMsfyAmfFQ8zA1jIrx0Wec69TGW5xaXETOKGjlea9FGPUs33ZrtbUw73VrA7g6gjzEJh6daLJvC10as26pJVQwp0jLlKkJNs1Q2kkvUaBjaQWX6LCYbHQxKJnG4pSy/aMxOtIMtt89iFsOZuomjF5n+0q5a1Fm91rqTbmCDb99DMm8f1HbwiEUUDHUoCfW1zMtXrd1TR8xX/P922mW97n6TY0iCgYnwgXv5TCdrMUHBKnw51PwI/URRVujoTNVQpVvtQrVMSjU1QAMhsgAtz+8x5ny9JpxWWrT71D5PbqdjPJeBo9QgXOS+inUf02nqPCVCUCLAXIGgA8zt6Qapk5pUWFYydDYXJ+cgpief8AtS7SMpGCpsQCoasRoSG92nfpbU+o85qEHN0iEpUrK3brt93obDYQ2p6rUqjQuNiqdF8+fpv53HRpnowgoKkcspN9iSRVjLSRppiQin99BEAgDEJvABWMAI/ure8beW5/4iNU0sBYfU+pgIaYXiQjAcDCNhFQ+R6qjjpFq4q1ha+/0lSnjUP3gPnHVnVrZXU+FvvD+H92nnHWdGmsnV5FSHneTinMsZMlaVON4fvqJUe8CGX+ZeXxFx8ZOy2EjwVXMtzvfkPT9Yg6OVwzHl6RpE72W3Ma6zlcc4SwA/CdfhfSdriHDSrmtTGu7LpqfxL5+UtcOx1Ootmt7tiD6Wi6do6IzTRV7PYfKnLXnz9PKa3BVkK5VYEobMBuGOtiOWlpxqVajSUs9gqAsTyyqLlj6fU2E81w3aaqMXUxCkjvXLEeR90EbHSwlIY3NNohlmk6PcKYHWfP/H8Ya2KrVfx1XI/lBKr9AJ7F2X48mLQEaOPeXz6jyniNUWZv5iPkTL+OqbIZXaQxokIonURFUc4MYXgouYAJvJlIXffkOfxPL0jC/T5/p0jVA5mACM14SWoFA0N/ORQQmESEIwCEIQEbxuNg3Gn9IN/S8r4vGIQDYbOPdW9/Dbb8+U4RxxtbM3K+ulpGcVrqTsRrqZxrGdXI0wrUTre38uYflFGIpi2WvUHoSfoRM0mK8NszDXYGw+UZ9psOv73EPTYcjVVMeVUsK4cbeKnr8xaR0eOED/TB21DEchyN5Di+yGNp0+8yK4Auy0m7x1/mSwPyvM+mJsP0/e0Sgn0Ntrs2uC4wlRwgDAnkdRtc3I5abyGrxA06psmYHYDS5667RvZ7AZKZqOPFUAsPwpv8zoT5Wk/HDSw+HzVNaj+4o3t/bqT6SbiuVI2nStme7T8bZx3KnQkGow2a3uoOiD6nUzOUjqPWFRySSdzGzvjFRjRySlydnQ4TxOph6odGIIN99NJTrPmYnqSfmbxjGEKV2K/YIQgBGASXKgGpa/QAD6mRWMej9ReIALLyU/Fv0EO9HJF+p/MyMxIxDiYkSLGAQiQgAQhCAEpbpAOOev0kV4RUa5MeW6Td4PB4HF0fBTFJlW2embtewFqik2Y35/IzBT0DgvFcHiFHfLkrqAFZCEYDoCujL/CQfSQz2laL4Gm2mWsPxPF4HKMUrPRuLV6dzYcg/MfH6y7iKPDce4qhQtUNdmU5BUta2dRo3roZdSrWpqStsZT6KMlUc/EmocWvtvbacKrwfD4hs+BcUKoPipNcU2PMW3pn008pyqS7Wn/B08Pna/ks9o8aMIpZ1JYm1MfdY9c21h03/v5xjsY9Zy9QlmP63sPiZ7HwPBVlosuLRGvvTY51PnciV8L2TwtFzWoUh3lwaYqOWpp+IoPxDWwa9vKUxZox7WyGTC29PR5DicLUpm1Sm6Ei4DoyEjqAwGkhnsXa/s79ooNdwXUlqZO4PQnodv8AqeP1aZUlWFiDYg7gjcTpxZVNEMmPgxsURI5R1lCaHBOptEDW2g0ZEMUuYr1WO5JjIRiCEIRgEIQgAQhCABCEIAEIQgATqdncZSo1w9amtRMpFnQVFUkiz5DvaxHUXuJy4sTVqhp07PYcEtKsofCV1Tqjlihtr4WHiW1ud+mkhxYPeh61DLVFiK1IZlqoPxZff057ieUUazKbqxHobTY8C7RVHotRZjdbMhvqG5H+x8pwZcDgrR34s6m6fZuaXGMPW0SspC8vEGv8Rp6R9B+S3qIx1A95T+IDrMrguKJWbNkVXvqcts3qec0nDsO7kAFV9PzvOd6ZZrQcd4pSwNMCrVdmq3yIq6gDdmudBqJ5h2helVrtWVjlYLplyksBY+nKX/aPXP8AiFRL3FJaaD+gOfq5mXZyZ34cVJSODLO24jiwG0ZeITNR7Puz6Y3EOtVWNJKRJKtls5KhAbakEZ/lKzkoRcmTScnSMuYk1HbjsocCyMrZqVTRSfezAXYHy6TL3jhNTjyj0KUWnTEhCE2ZCEIQAIQhAAhCEACJFiQAWEIQAIQhABY+jVKnMpsZHCIE62jQ0O0bWs6g/SXMB2odKgvomxA3+cycUGRfjw+DpXlS9zrdqsYtbFPVXZwh+IQKf/zOUqE7AnnoCdOunKITPWPYjwwCniMU+zFaKjLpZTmYg87llFh0+TnL0sd/BH65nkt56B7GS32ysLnL3F22tcOuUnnzb5+k6Ptrein2eglJVfxVSyqF8PuBdBzOv+2VvYrT/wA7FNbTu6Yvy1Zjb6SOXJz8dyr8s3CNZEix7ZQRTw/4TUqEeuUf2M8vnontgxOZsKua/hqsbfxMuX6Tzua8RVhX9/uLM7mxIsSE6iQsSEIALCJCACxIQgAsSEIALCEIAEIQgBdwvC3qBCpWzsyi5IsVFzfTb0vJE4LWKh7CzUXrjX/66bZXPqDyiYTE4hVTIjFVZmQikWBLCza28UT/ABKuoFMsRlpvRylbEJU99SDrrMf1D0QYjBsi5ja2bLpc65Fqb2ts68779JO3CagIF11akosSRetqlzaw03v1iVhXcZWpVDrm/wBJr3yKnTayL8pG2MqKcp0INNrMtmBpiyGx/Zj2Ghy8MqnEDDBb1TUFMKPxk2trbnPpHgXCKeEw1KhS91ANdLsb5ixI3JYkzx72WUu/4mcRVIZ0GcA7tUqNlzf7QWaer9suM/ZMFWr/AHlWyDrUfwp9Tf4Tg8qTlJQX4y2JKmzxP2kcWGJ4lWZfdpnuVPXuiQx9C2aan2RVMmFxbg2bvKYudttL221J12nmNQNe7Xu3iuQRe/3tdwddZ617H8OTgapFvHXtqOSouoNtd/O2sr5KUMFfsLFudmV9qNQ/aqK8lwtI26Fy19OWwmNnuHGvZ/SxWKavXqvlyIiJTIU2RbXZiDr5KANpewHY/A0lCrhqbW5uO8Y+paSj5mPHBR7Zt4ZSbZ4DEntPbjshgzhKlVKSUXprdWQrSBI2RrixB6b9DPFxOrDnWVWiM4OD2JCOKkAEg2N7Gxsbb2PO1x84KpJsASTsALk+gEuYGwktTDOou1N1A0JZGAv0uRvI4AJCLCABEiwgAQhCABCEIAeo+xmuwwvFgGYBcMrLYnRsmI8Q6HQa+Qnlqm4F+gnqXsZw7HC8VIUkNhlVdDq2TEaDqdR855aqkAAgg2Gh0O0yuxvpHquFx9VOyJdKtRGGJyhldlYL9oAsGBuBrK3F+JNX7Nq2P8WJ+0BcG7/6z0lKFnudWXKaq352XnYyzh6NQdkCVVgwxQcWBuB9pXxennMP2dwT8Qx1KlWqVGzHxNcu600BYgZr5Rp6C8y2lbZv9D0H2McKK06mJbYnKgtzsMzX5gA2H8zSx7TkqYt6WEpI5CHvazKpYLcFUBGguBmbVhuJvaNkphBoFAUbDYeQAnJx3EaK1VoFx3tZlRUXVzmIXNlGyga3OlhPK9aUsvJLfsdKglGmNTsVgqmHwveUxUq4KhTotmuARkVrsl7NqSRe4F26TqUggFvdpot2yiwCLuAB12+PlMXV9pq0eMNSqUe7oCq+Hq1HY3KqxRamWwAUML8/Cxmzp4Du0qUu+atmeoS7WuA5OSkLckU29bmWzwepy/x9v+mYNdI4/tB7YYfAVu7cO1RkV1RF0ym6gliQLXU6XnnOL9ouNxNRKGERaTVGVFNs9QsxAFr6KL+R9Z2Pblg2cYHFBSQ1FkcgE2IysLnlu31mc7C4dsLSxHFXpEjDIEwwZWyvia10DabhFNyf4us6Y+PivlVsk8kujYdr8JSx3Cq1OgzVa/CquWoxN2rWUfaKgA3u3eEedIgcp43PRfZv2yWnxBKb4bDU6eKPdVWprUBJa+QtnqMCM5tt98zN9uuzL8PxtSjlbur5qLEGxptqozcyvun+Xzl460TlvZs+yBwD8GoYXiAyriMViFpVtB3NVcuU5j7t7nXbSx0MxnbLsjiOG1slXxU2JNKst8jj1+69t1+VxOjxTBP/APz2CYo1hjMTc5TazBgCfI5TLnY7txT7n/DuKL32Deyq7XL0OhuNSoOxGq+Y0AN0Uu3eLd8HwkM7H/4Nzdidc4W+vOy2+Ex03XtWwFPDtgaFKr3tOng/8uoLHMjVnKG40OltRv5TCzS6My7CEIRiCEIQAIQhAAhCEAJ6WMqoLJVqKOi1HUfIG0hdyxuxLE7liWJ9SYkSICyMfWtbvq1une1LfLNG4XF1KTipTdkcG+ZWIO97Eg6jqOchhCgs3lf2oYlqGVURaxZruFOUIR4cqltGvffTaYupjqpc1DUfO2pcOwY33uwNzK8JiGKEPpRqU5S7Y6tVZzd2Zz1dix+bEz3vsNjFp8Nw2c2PcNVN73Kq3iYkjq49b6TwFzYE+U9X7RFqOBdVNgOH4WmN92clgttmIBv8PSQ8qKkox/X8+5TE2rZ53xfH1DWqqMRUdDUe1qlQIQSdkJ21ta0gw1atUIpCs4Bvo1WpksFLWsL8h0lSPoVSjBl3F7X13BB+hM6apEr2Wf8AD6iqKl8v+UtYEFr5WYKpFhobkeQ6x7ivUphmqu6kvYPUqN/pqGY2a42ItzkTcQqFchsQKQpDQ+4rBhz3uB+kZTxbhQoIsM9tP/IArfQCGw0dDEYPFqGRqlSy06bsvfOVyVmCJpexuWGnQzn1sIyrmNrCo1PS/vIAW1ta3iHO/lLVTjldr3K+JEpnw/cpElB8CfoOkrYjGM4IIUA1GqaAjxOAGtrt4REuXuDohaoSACSQosoJJCi97KDsLkmw6xsITYghCEACEIQAIQiQAIQk9B0AOZMx5G9rfrEwIsp6H5RCJf8Atqfgb+syP7Sh95CdTa5OxN7b9LiK38DpFOOynoflB7XNhYXNh0HIS3TxahQCrXAsSGPw0vG2JFTKeh+UMp6GXDjFsbK17b5zvbffr+9YyriVKkBSCba5jbz0v1it/A6RUYaT0LtniHGFYX8H+QiXsCVCnUAcyQfgJh+G0O8rU0JsCwuTawUasdfIGdftTxxcQQqDwrUJUnTwhQqi3T3j11kMsXLJGvb8/wBFINKDM+BFynoflLa4mmNqZ/qO17236WEVcYtvda+uuc7X0Hy0l7fwTpFMiJLn2mmQAyE2G+Y9Bc/MH5iV0ZQ9yt1vtflyF4JhRHFynoflLS16Qt/lH+o/CSfbU/A39Z/WFv4CkUCIS39opkC9MkgAEljrb8pDXdDbKpXrc3+sExURQhCaAIkWEACEIQAJNSwrtsPnp+chhEBcSjlHip5jcjRv7D0MkNEf+Pp9/rtOfLVNPCNF2O51/KZaGmTGgBvT5/i6nSJ9mvoE15nMN4pQWPhp/BvLlpDuwD7tPp73/EyaIqNIXtkJ13JttuLyTuBa/d+R8XmB+/WKqDTw0/i3x6Rvdg8kHP3vXyhYDmww27vfbxjYHWNbC32Sw8mH94iUwOSHY6t9Novdj8NPT+L18obActAW/wBPbQ+PnEekAP8ASO5GjX1h3Oo0p6/xf8ecCBp4KfMe99TpAAWgCL93/wC39orUABrS2/ijVpXO1P8AqtYaeUGQEe7TFv4tfy3gAooD/wAfP8Y57CMGGtbw3vcasNx6SUIDcZaf9X/EZXp+E6Ux6Nc6HlpCxCVcKTbKlv8AcD+9pC2DcAmw031EghN0xaCEITQghCEACEIQAJeSvS7rIR4rHxW11Ia3zFpRhE1YJ0T0qqhbEa6/WRI1tvyjYQoLLAxZ/AnygcXt4E08pXhFxQWyd8STfwqL9BtHUsTbknxH6StCFILLRxHlT3vset4d/wCVP5GVYQ4odloYjW9qfLkbaf8AcY1fXZTtsDy0kEIUhWTjE6AZV08on2n+Fdrbev6yGEdILLH2s/hX5SBbX1+kSEKCy1XxCstsgFtiAB/faVYQglQWEIQjAIRYkAFiQhAAhCEACEIQAIQhAAiwhABIQhAAhCEACEIQAIQhABYghCABCEIALCEIAf/Z','https://maactioncinema.com/wp-content/uploads/2019/11/received_414319152789785.jpeg','2020-07-15 16:14:38');
/*!40000 ALTER TABLE `movie` ENABLE KEYS */;
UNLOCK TABLES;

--
-- Table structure for table `movie_actor`
--

DROP TABLE IF EXISTS `movie_actor`;
/*!40101 SET @saved_cs_client     = @@character_set_client */;
/*!50503 SET character_set_client = utf8mb4 */;
CREATE TABLE `movie_actor` (
  `movie_id` int NOT NULL,
  `actor_id` int NOT NULL,
  `actor_num` int NOT NULL,
  PRIMARY KEY (`movie_id`,`actor_id`,`actor_num`),
  KEY `fk_ma_a` (`actor_id`),
  CONSTRAINT `fk_ma_a` FOREIGN KEY (`actor_id`) REFERENCES `actor` (`actor_id`) ON DELETE CASCADE ON UPDATE CASCADE,
  CONSTRAINT `fk_ma_m` FOREIGN KEY (`movie_id`) REFERENCES `movie` (`movie_id`) ON DELETE CASCADE ON UPDATE CASCADE
) ENGINE=InnoDB DEFAULT CHARSET=utf8mb4 COLLATE=utf8mb4_0900_ai_ci;
/*!40101 SET character_set_client = @saved_cs_client */;

--
-- Dumping data for table `movie_actor`
--

LOCK TABLES `movie_actor` WRITE;
/*!40000 ALTER TABLE `movie_actor` DISABLE KEYS */;
INSERT INTO `movie_actor` VALUES (2,1,1),(9,1,1),(14,1,1),(15,1,1),(20,1,4),(21,1,2),(38,1,4),(6,4,4),(10,4,4),(14,4,4),(2,5,2),(6,5,3),(21,5,3),(37,5,2),(38,5,2),(41,5,2),(9,7,2),(15,7,3),(21,7,4),(38,7,3),(15,8,2),(16,8,1),(19,8,2),(22,8,2),(37,8,3),(6,9,1),(22,9,3),(37,9,4),(41,9,3),(6,10,2),(10,10,3),(9,11,4),(16,11,2),(20,11,3),(37,11,1),(38,11,1),(9,12,3),(15,12,4),(22,12,1),(41,12,1),(10,13,2),(14,13,3),(41,13,4),(2,14,3),(16,14,3),(2,15,4),(10,15,1),(19,15,4),(22,15,4),(19,16,3),(20,16,1),(21,16,1),(14,17,2),(16,17,4),(19,17,1),(20,17,2),(45,22,1),(45,23,2),(45,24,3),(45,25,4),(46,26,1),(46,27,2),(46,28,3),(46,29,4),(47,30,1),(47,31,2),(47,32,3),(47,33,4),(48,34,1),(50,34,1),(52,34,2),(48,35,2),(48,36,3),(48,37,4),(50,38,2),(50,39,3),(50,40,4),(49,42,1),(49,43,2),(49,44,3),(49,45,4),(51,46,1),(51,47,2),(51,48,3),(51,49,4),(52,50,1),(52,51,3),(52,52,4),(53,53,1),(53,54,2),(53,55,3),(53,56,4),(54,57,1),(54,58,2),(54,59,3),(54,60,4),(55,61,1),(55,62,2),(55,63,3),(55,64,4),(56,65,1),(56,66,2),(56,67,3),(56,68,4),(57,69,1),(57,70,2),(57,71,3),(57,72,4),(58,73,1),(58,74,2),(58,75,3),(58,76,4),(62,77,1),(62,78,2),(62,79,3),(62,80,4),(63,81,1),(63,82,2),(63,83,3),(63,84,4);
/*!40000 ALTER TABLE `movie_actor` ENABLE KEYS */;
UNLOCK TABLES;

--
-- Table structure for table `movie_director`
--

DROP TABLE IF EXISTS `movie_director`;
/*!40101 SET @saved_cs_client     = @@character_set_client */;
/*!50503 SET character_set_client = utf8mb4 */;
CREATE TABLE `movie_director` (
  `movie_id` int NOT NULL,
  `director_id` int NOT NULL,
  KEY `fk_md_m` (`movie_id`),
  KEY `fk_md_d` (`director_id`),
  CONSTRAINT `fk_md_d` FOREIGN KEY (`director_id`) REFERENCES `director` (`director_id`) ON DELETE CASCADE ON UPDATE CASCADE,
  CONSTRAINT `fk_md_m` FOREIGN KEY (`movie_id`) REFERENCES `movie` (`movie_id`) ON DELETE CASCADE ON UPDATE CASCADE
) ENGINE=InnoDB DEFAULT CHARSET=utf8mb4 COLLATE=utf8mb4_0900_ai_ci;
/*!40101 SET character_set_client = @saved_cs_client */;

--
-- Dumping data for table `movie_director`
--

LOCK TABLES `movie_director` WRITE;
/*!40000 ALTER TABLE `movie_director` DISABLE KEYS */;
INSERT INTO `movie_director` VALUES (2,3),(37,11),(38,11),(6,1),(9,4),(10,5),(14,1),(15,1),(16,3),(19,5),(20,5),(21,5),(22,3),(41,13),(45,17),(46,17),(47,17),(48,17),(49,19),(50,18),(51,20),(52,20),(53,21),(54,22),(55,23),(56,24),(57,25),(58,26),(62,27),(63,28);
/*!40000 ALTER TABLE `movie_director` ENABLE KEYS */;
UNLOCK TABLES;

--
-- Table structure for table `movie_genre`
--

DROP TABLE IF EXISTS `movie_genre`;
/*!40101 SET @saved_cs_client     = @@character_set_client */;
/*!50503 SET character_set_client = utf8mb4 */;
CREATE TABLE `movie_genre` (
  `movie_id` int NOT NULL,
  `genre_id` int NOT NULL,
  PRIMARY KEY (`movie_id`,`genre_id`),
  KEY `fk_mg_m_idx` (`movie_id`),
  KEY `fk_mg_g_idx` (`genre_id`,`movie_id`),
  CONSTRAINT `fk_mg_g` FOREIGN KEY (`genre_id`) REFERENCES `genre` (`genre_id`) ON DELETE CASCADE ON UPDATE CASCADE,
  CONSTRAINT `fk_mg_m` FOREIGN KEY (`movie_id`) REFERENCES `movie` (`movie_id`) ON DELETE CASCADE ON UPDATE CASCADE
) ENGINE=InnoDB DEFAULT CHARSET=utf8mb4 COLLATE=utf8mb4_0900_ai_ci;
/*!40101 SET character_set_client = @saved_cs_client */;

--
-- Dumping data for table `movie_genre`
--

LOCK TABLES `movie_genre` WRITE;
/*!40000 ALTER TABLE `movie_genre` DISABLE KEYS */;
INSERT INTO `movie_genre` VALUES (2,10),(6,1),(6,2),(9,9),(10,5),(10,9),(10,10),(14,4),(14,10),(15,2),(15,3),(15,4),(16,2),(16,3),(16,4),(19,1),(19,2),(19,9),(20,4),(20,7),(21,5),(21,9),(22,6),(22,9),(37,5),(37,9),(38,7),(38,10),(41,1),(41,2),(45,3),(45,7),(46,3),(46,7),(46,10),(47,3),(47,7),(47,10),(48,3),(48,7),(49,3),(49,7),(50,3),(50,7),(50,10),(51,2),(51,3),(52,3),(52,10),(53,6),(53,9),(54,8),(54,10),(55,4),(55,8),(55,10),(56,6),(56,9),(57,4),(57,8),(58,8),(58,10),(62,6),(62,9),(63,1);
/*!40000 ALTER TABLE `movie_genre` ENABLE KEYS */;
UNLOCK TABLES;

--
-- Table structure for table `movie_user`
--

DROP TABLE IF EXISTS `movie_user`;
/*!40101 SET @saved_cs_client     = @@character_set_client */;
/*!50503 SET character_set_client = utf8mb4 */;
CREATE TABLE `movie_user` (
  `movie_id` int NOT NULL,
  `user_id` int NOT NULL,
  `star` int NOT NULL,
  `title` varchar(300) NOT NULL,
  `content` text NOT NULL,
  `creation_date` datetime DEFAULT CURRENT_TIMESTAMP,
  `last_modified` datetime DEFAULT CURRENT_TIMESTAMP ON UPDATE CURRENT_TIMESTAMP,
  PRIMARY KEY (`movie_id`,`user_id`),
  KEY `fk_mu_u` (`user_id`),
  CONSTRAINT `fk_mu_m` FOREIGN KEY (`movie_id`) REFERENCES `movie` (`movie_id`) ON DELETE CASCADE ON UPDATE CASCADE,
  CONSTRAINT `fk_mu_u` FOREIGN KEY (`user_id`) REFERENCES `users` (`user_id`) ON DELETE CASCADE ON UPDATE CASCADE
) ENGINE=InnoDB DEFAULT CHARSET=utf8mb4 COLLATE=utf8mb4_0900_ai_ci;
/*!40101 SET character_set_client = @saved_cs_client */;

--
-- Dumping data for table `movie_user`
--

LOCK TABLES `movie_user` WRITE;
/*!40000 ALTER TABLE `movie_user` DISABLE KEYS */;
INSERT INTO `movie_user` VALUES (2,1,5,'Excellent!','Very Good and Double Good 很好非常好','2020-06-16 19:57:52','2020-06-20 15:22:04'),(2,2,5,'I am monkey and my friend is king.','So hard to comment.','2020-06-16 20:01:12','2020-07-15 16:47:00'),(2,3,5,'Together we are Monkey King!','差评, 整个故事不知道在讲什么, 绝对不是我英文烂...','2020-06-16 20:01:34','2020-07-15 16:45:31'),(2,4,5,'Bookman 觉得不错 123','hello world\r\nProgramming','2020-06-20 22:53:51','2020-06-20 23:48:32'),(2,5,4,'eating...','有吃的我就来','2020-06-20 23:56:30','2020-07-15 16:46:51'),(2,7,5,'超刺激!','So interesting..\r\nHave to watch it again\r\n好看1234','2020-06-20 16:25:13','2020-06-25 15:05:53'),(2,9,5,'神作!','有比我脚臭哦~','2020-06-20 21:52:44','2020-06-20 21:52:44'),(6,1,5,'Crying','I am forbidden','2020-07-15 16:45:11','2020-07-15 16:45:11'),(6,2,4,'monkey love banana?','yes/no','2020-07-15 16:45:11','2020-07-15 16:45:11'),(6,3,4,'King-Kong','so big','2020-07-15 16:45:11','2020-07-15 16:45:11'),(6,4,5,'Oh Yeah','I like it','2020-07-15 16:45:11','2020-07-15 16:45:11'),(6,5,5,'I like to eat','eat is my job','2020-07-15 16:45:11','2020-07-15 16:45:11'),(6,6,2,'我是酸民','没有人能从我手上拿超过2分','2020-07-15 16:45:11','2020-07-15 16:45:11'),(6,7,4,'野原新之助','我喜欢青椒','2020-07-15 16:45:11','2020-07-15 16:45:11'),(6,8,5,'Ultraman is coming','我是咸蛋超人','2020-07-15 16:45:11','2020-07-15 16:45:11'),(6,9,5,'Today is 15 July 2020','ok','2020-07-15 16:45:11','2020-07-15 16:45:11'),(6,10,4,'Superman is coming','我是超人','2020-07-15 16:45:11','2020-07-15 16:45:11'),(6,11,5,'777 is coming','我是动感超人','2020-07-15 16:45:11','2020-07-15 16:45:11'),(10,4,5,'Oh Yeah','I like it','2020-07-15 16:48:33','2020-07-15 16:48:33'),(10,6,1,'我是酸民','没有人能从我手上拿超过2分','2020-07-15 16:48:33','2020-07-15 16:48:33'),(10,7,4,'野原新之助','我喜欢青椒','2020-07-15 16:48:33','2020-07-15 16:48:33'),(10,8,4,'Ultraman is coming','我是咸蛋超人','2020-07-15 16:48:33','2020-07-15 16:48:33'),(10,9,5,'Today is 15 July 2020','ok','2020-07-15 16:48:33','2020-07-15 16:48:33'),(10,10,4,'Superman is coming','我是超人','2020-07-15 16:48:33','2020-07-15 16:48:33'),(10,11,5,'777 is coming','我是动感超人','2020-07-15 16:48:33','2020-07-15 16:48:33'),(21,1,4,'Crying','I am forbidden','2020-07-15 16:53:29','2020-07-15 16:53:29'),(21,4,5,'Oh Yeah','I like it','2020-07-15 16:53:29','2020-07-15 16:53:29'),(21,6,2,'我是酸民','没有人能从我手上拿超过2分','2020-07-15 16:53:29','2020-07-15 16:53:46'),(21,8,5,'Ultraman is coming','我是咸蛋超人','2020-07-15 16:53:29','2020-07-15 16:53:29'),(21,10,4,'Superman is coming','我是超人','2020-07-15 16:53:29','2020-07-15 16:53:29'),(21,11,5,'777 is coming','我是动感超人','2020-07-15 16:53:29','2020-07-15 16:53:29'),(38,1,4,'Crying','I am forbidden','2020-07-15 16:41:34','2020-07-15 16:42:00'),(38,2,4,'monkey love banana?','yes/no','2020-07-15 16:41:34','2020-07-15 16:41:34'),(38,3,3,'King-Kong','so big','2020-07-15 16:41:34','2020-07-15 16:42:00'),(38,4,5,'Oh Yeah','I like it','2020-07-15 16:41:34','2020-07-15 16:41:34'),(38,5,5,'I like to eat','eat is my job','2020-07-15 16:41:34','2020-07-15 16:41:34'),(38,6,2,'我是酸民','没有人能从我手上拿超过2分','2020-07-15 16:41:34','2020-07-15 16:41:34'),(38,7,4,'野原新之助','我喜欢青椒','2020-07-15 16:41:34','2020-07-15 16:41:34'),(38,8,5,'Ultraman is coming','我是咸蛋超人','2020-07-15 16:41:34','2020-07-15 16:41:34'),(38,9,5,'Today is 15 July 2020','ok','2020-07-15 16:41:34','2020-07-15 16:41:34'),(38,10,5,'Superman is coming','我是超人','2020-07-15 16:41:34','2020-07-15 16:41:34'),(38,11,5,'777 is coming','我是动感超人','2020-07-15 16:41:34','2020-07-15 16:41:34'),(41,1,5,'Crying','I am forbidden','2020-07-15 16:49:22','2020-07-15 16:50:10'),(41,2,4,'monkey love banana?','yes/no','2020-07-15 16:49:22','2020-07-15 16:49:22'),(41,3,4,'King-Kong','so big','2020-07-15 16:49:22','2020-07-15 16:49:22'),(41,4,5,'Oh Yeah','I like it','2020-07-15 16:49:22','2020-07-15 16:49:22'),(41,5,4,'I like to eat','eat is my job','2020-07-15 16:49:22','2020-07-15 16:50:25'),(41,6,2,'我是酸民','没有人能从我手上拿超过2分','2020-07-15 16:49:22','2020-07-15 16:50:10'),(41,7,4,'野原新之助','我喜欢青椒','2020-07-15 16:49:22','2020-07-15 16:49:22'),(41,9,5,'Today is 15 July 2020','ok','2020-07-15 16:49:22','2020-07-15 16:49:22'),(41,10,4,'Superman is coming','我是超人','2020-07-15 16:49:22','2020-07-15 16:49:22'),(45,1,4,'Crying','I am forbidden','2020-07-15 16:39:58','2020-07-15 16:39:58'),(45,2,4,'monkey love banana?','yes/no','2020-07-15 16:39:58','2020-07-15 16:39:58'),(45,3,3,'King-Kong','so big','2020-07-15 16:39:58','2020-07-15 16:39:58'),(45,4,5,'Oh Yeah','I like it','2020-07-15 16:39:58','2020-07-15 16:39:58'),(45,5,5,'I like to eat','eat is my job','2020-07-15 16:39:58','2020-07-15 16:39:58'),(45,6,1,'我是酸民','没有人能从我手上拿超过2分','2020-07-15 16:39:58','2020-07-15 16:39:58'),(45,7,5,'野原新之助','我喜欢青椒','2020-07-15 16:39:58','2020-07-15 16:58:21'),(45,8,5,'Ultraman is coming','我是咸蛋超人','2020-07-15 16:39:58','2020-07-15 16:39:58'),(45,9,5,'Today is 15 July 2020','ok','2020-07-15 16:39:58','2020-07-15 16:39:58'),(45,10,5,'Superman is coming','我是超人','2020-07-15 16:39:58','2020-07-15 16:39:58'),(45,11,5,'777 is coming','我是动感超人','2020-07-15 16:39:58','2020-07-15 16:39:58'),(46,1,4,'Crying','I am forbidden','2020-07-15 16:38:43','2020-07-15 16:38:43'),(46,2,4,'monkey love banana?','yes/no','2020-07-15 16:38:43','2020-07-15 16:38:43'),(46,3,3,'King-Kong','so big','2020-07-15 16:38:43','2020-07-15 16:38:43'),(46,4,5,'Oh Yeah','I like it','2020-07-15 16:38:43','2020-07-15 16:38:43'),(46,5,5,'I like to eat','eat is my job','2020-07-15 16:38:43','2020-07-15 17:05:51'),(46,6,2,'我是酸民','没有人能从我手上拿超过2分','2020-07-15 16:38:43','2020-07-15 16:38:43'),(46,7,5,'蜡笔就是我小新','新海诚用这样的故事去温暖城市中每一个仍然愿意相信爱的人。在这么大的世界里，能够遇见你，竟然需要如此用力。穿越错位的时空，仰望陨落的星辰，你没留下你的名字，我却无法忘记那句“我爱你”。- - - （摘自豆瓣用户——翻滚吧！蛋堡）','2020-07-15 20:06:17','2020-07-15 20:07:20'),(46,8,5,'Ultraman is coming','我是咸蛋超人','2020-07-15 16:38:43','2020-07-15 16:38:43'),(46,9,5,'Today is 15 July 2020','ok','2020-07-15 16:38:43','2020-07-15 16:38:43'),(46,10,5,'Superman is coming','我是超人','2020-07-15 16:38:43','2020-07-15 16:38:43'),(46,11,5,'777 is coming','我是动感超人','2020-07-15 16:38:43','2020-07-15 16:38:43'),(47,5,4,'我只管吃的','eating','2020-07-15 17:04:39','2020-07-15 17:04:39'),(47,7,5,'以前看不懂啦xD','如果，樱花掉落的速度是每秒5厘米，那么两颗心需要多久才能靠近？','2020-07-15 16:59:38','2020-07-15 16:59:38'),(47,9,4,'小新，该睡觉了。','最近美亚美伢都不理我。。。是不是我脚太臭了（好烦.jpg）','2020-07-15 17:01:59','2020-07-15 17:01:59'),(47,11,4,'777变身','我来刷4星','2020-07-15 17:03:40','2020-07-15 17:03:40'),(51,1,5,'经典大龙猫','好看','2020-07-15 16:24:11','2020-07-15 16:24:11'),(51,2,4,'Not bad','Monkey is better','2020-07-15 16:27:12','2020-07-15 16:27:12'),(51,3,5,'Monkey is better','I love big cat','2020-07-15 16:27:12','2020-07-15 16:27:12'),(51,4,5,'Oh Yeah','I like it','2020-07-15 16:29:10','2020-07-15 16:29:10'),(51,5,4,'童年','Childhood','2020-07-09 19:55:27','2020-07-09 19:55:27'),(51,6,2,'我是酸民','没有人能从我手上拿超过2分','2020-07-15 16:29:10','2020-07-15 16:29:10'),(51,7,5,'大龙猫','Big Dragon Cat','2020-07-09 19:55:00','2020-07-09 19:55:00'),(51,8,5,'Ultraman is coming','我是咸蛋超人','2020-07-15 16:31:43','2020-07-15 16:31:43'),(51,9,5,'Today is 9 July 2020','原来30多年了。。。','2020-07-09 19:58:15','2020-07-09 19:58:33'),(51,10,5,'Superman is coming','我是超人','2020-07-15 16:31:43','2020-07-15 16:31:43'),(51,11,5,'777 is coming','我是动感超人','2020-07-15 16:31:43','2020-07-15 16:31:43'),(57,2,4,'monkey love banana?','yes/no','2020-07-15 16:51:33','2020-07-15 16:51:33'),(57,3,3,'King-Kong','so big','2020-07-15 16:51:33','2020-07-15 16:52:06'),(57,5,3,'I like to eat','eat is my job','2020-07-15 16:51:33','2020-07-15 16:51:33'),(57,7,4,'野原新之助','我喜欢青椒','2020-07-15 16:51:33','2020-07-15 16:51:33'),(57,9,4,'Today is 15 July 2020','ok','2020-07-15 16:51:33','2020-07-15 16:52:06'),(62,1,2,'Crying','I am forbidden','2020-07-15 16:43:20','2020-07-15 16:43:20'),(62,2,4,'monkey love banana?','yes/no','2020-07-15 16:43:20','2020-07-15 16:43:20'),(62,3,3,'King-Kong','so big','2020-07-15 16:43:20','2020-07-15 16:43:20'),(62,4,5,'Oh Yeah','I like it','2020-07-15 16:43:20','2020-07-15 16:43:20'),(62,5,5,'I like to eat','eat is my job','2020-07-15 16:43:20','2020-07-15 16:43:20'),(62,6,2,'我是酸民','没有人能从我手上拿超过2分','2020-07-15 16:43:20','2020-07-15 16:43:20'),(62,8,5,'Ultraman is coming','我是咸蛋超人','2020-07-15 16:43:20','2020-07-15 16:43:20'),(62,11,5,'777 is coming','我是动感超人','2020-07-15 16:43:20','2020-07-15 16:43:20');
/*!40000 ALTER TABLE `movie_user` ENABLE KEYS */;
UNLOCK TABLES;

--
-- Table structure for table `users`
--

DROP TABLE IF EXISTS `users`;
/*!40101 SET @saved_cs_client     = @@character_set_client */;
/*!50503 SET character_set_client = utf8mb4 */;
CREATE TABLE `users` (
  `user_id` int NOT NULL AUTO_INCREMENT,
  `username` varchar(16) NOT NULL,
  `password` varchar(50) NOT NULL,
  `gender` int DEFAULT NULL,
  `dob` varchar(50) DEFAULT NULL,
  `email` varchar(50) DEFAULT NULL,
  `location` varchar(50) DEFAULT NULL,
  `quote` varchar(50) DEFAULT NULL,
  `image` varchar(300) DEFAULT NULL,
  `status` int DEFAULT '1',
  `registered_date` datetime DEFAULT CURRENT_TIMESTAMP,
  `last_modified` datetime DEFAULT CURRENT_TIMESTAMP ON UPDATE CURRENT_TIMESTAMP,
  PRIMARY KEY (`user_id`),
  UNIQUE KEY `username_UNIQUE` (`username`)
) ENGINE=InnoDB AUTO_INCREMENT=12 DEFAULT CHARSET=utf8mb4 COLLATE=utf8mb4_0900_ai_ci;
/*!40101 SET character_set_client = @saved_cs_client */;

--
-- Dumping data for table `users`
--

LOCK TABLES `users` WRITE;
/*!40000 ALTER TABLE `users` DISABLE KEYS */;
INSERT INTO `users` VALUES (1,'root','root',NULL,NULL,NULL,NULL,NULL,NULL,3,'2020-06-16 19:40:52','2020-06-25 14:51:34'),(2,'monkey','monkey',1,'2010-10-10','monkey@xmu.edu.my','Zoo Negara, Malaysia','I am Monkey and my friend is King,',NULL,1,'2020-06-16 20:00:28','2020-06-19 21:31:53'),(3,'king','king',2,'2010-11-11','king@xmu.edu.my','Zoo Negara, Malaysia','Together we are Monkey King!',NULL,1,'2020-06-16 20:00:41','2020-06-19 21:31:17'),(4,'bookman','bookman',1,'2000-02-20','bookman@xmu.edu.my','Library, World','I read many books.',NULL,1,'2020-06-19 11:50:15','2020-06-25 18:20:48'),(5,'美食评论家','msplj',NULL,NULL,NULL,NULL,NULL,NULL,1,'2020-06-19 15:32:38','2020-06-19 15:54:31'),(6,'很酸的酸民','hsdsm',NULL,NULL,NULL,NULL,NULL,NULL,1,'2020-06-19 15:36:44','2020-06-19 15:54:31'),(7,'蜡笔小新','lbxx',1,'1985-05-05','labixiaoxin@xmu.edu.my','日本埼玉县春日部市','哈喽~ 小姐，你喜欢吃青椒吗?',NULL,2,'2020-06-19 15:54:05','2020-06-25 14:51:01'),(8,'咸蛋超人','xdcr',NULL,NULL,NULL,NULL,NULL,NULL,1,'2020-06-19 16:20:49','2020-06-19 16:20:49'),(9,'野原广志','yygz',1,'1955-09-27','yygz@xmu.edu.my','埼玉县春日部市','脚够臭才是真男人',NULL,1,'2020-06-19 22:29:55','2020-06-25 14:52:08'),(10,'superman','superman',NULL,NULL,NULL,NULL,NULL,NULL,1,'2020-06-25 18:13:46','2020-06-25 18:13:46'),(11,'动感超人','dgcr',NULL,NULL,NULL,NULL,NULL,NULL,1,'2020-06-25 18:16:44','2020-06-25 18:16:44');
/*!40000 ALTER TABLE `users` ENABLE KEYS */;
UNLOCK TABLES;
/*!40103 SET TIME_ZONE=@OLD_TIME_ZONE */;

/*!40101 SET SQL_MODE=@OLD_SQL_MODE */;
/*!40014 SET FOREIGN_KEY_CHECKS=@OLD_FOREIGN_KEY_CHECKS */;
/*!40014 SET UNIQUE_CHECKS=@OLD_UNIQUE_CHECKS */;
/*!40101 SET CHARACTER_SET_CLIENT=@OLD_CHARACTER_SET_CLIENT */;
/*!40101 SET CHARACTER_SET_RESULTS=@OLD_CHARACTER_SET_RESULTS */;
/*!40101 SET COLLATION_CONNECTION=@OLD_COLLATION_CONNECTION */;
/*!40111 SET SQL_NOTES=@OLD_SQL_NOTES */;

-- Dump completed on 2020-07-17 17:45:01
